subject_id_1,subject_id_2,comparison_type,n_common_categories,mean_spearman_correlation,std_spearman_correlation
00320001,00680001,younger_younger,88,0.43549026405220465,0.2442153906402375
00320001,00680001,older_older,145,0.5471038722268196,0.25181575734083833
00320001,00680001,younger_older,149,0.585121084464136,0.2386655589502441
00320001,00680001,older_younger,84,0.4006253213128357,0.2526310498314941
00320001,00320002,younger_younger,155,0.706771749552184,0.21587254284138635
00320001,00320002,older_older,141,0.5733978587018163,0.22295559916620214
00320001,00320002,younger_older,144,0.6157899107196436,0.2238307859059693
00320001,00320002,older_younger,151,0.6532831077176597,0.22571957414869936
00320001,00500001,younger_younger,154,0.6970959764318325,0.2274296220962973
00320001,00500001,older_older,152,0.6416615842141177,0.22684596274170704
00320001,00500001,younger_older,158,0.6910348221091877,0.207911842700525
00320001,00500001,older_younger,150,0.6642528690209161,0.21656970169882814
00320001,00400001,younger_younger,159,0.715255297655521,0.22011935339176228
00320001,00400001,older_older,154,0.6746973710080588,0.22072963760649647
00320001,00400001,younger_older,157,0.7210966344137562,0.21597365586472952
00320001,00400001,older_younger,153,0.6708579978054517,0.21942110677251936
00320001,00430001,younger_younger,156,0.6865595436606358,0.2217446765288516
00320001,00430001,older_older,149,0.6478311630375315,0.22574277528377001
00320001,00430001,younger_older,153,0.6761988777667164,0.21466542783766024
00320001,00430001,older_younger,150,0.6670430888290052,0.21812112458862906
00320001,00560001,younger_younger,153,0.6462847496603595,0.2035458482943476
00320001,00560001,older_older,149,0.6580495404958798,0.1924165893953297
00320001,00560001,younger_older,153,0.703006971056736,0.1763311784437428
00320001,00560001,older_younger,147,0.619283873772093,0.19248876572147544
00320001,00370001,younger_younger,154,0.7011833828243648,0.20764476182525204
00320001,00370001,older_older,148,0.5940704343988186,0.2296977802341638
00320001,00370001,younger_older,152,0.6225286469095757,0.22272935175039435
00320001,00370001,older_younger,150,0.6522307081678701,0.20201321885352144
00320001,00400003,younger_younger,152,0.722875996219193,0.18917287348586329
00320001,00400003,older_older,146,0.6050708150286345,0.24163931745243217
00320001,00400003,younger_older,149,0.6271153416832969,0.2330621314042235
00320001,00400003,older_younger,149,0.6714532609267108,0.21691131151042406
00320001,00510001,younger_younger,153,0.6619159366558518,0.22612471877808019
00320001,00510001,older_older,140,0.6329249680075106,0.23911067534670458
00320001,00510001,younger_older,144,0.6695238300105738,0.22026713904911674
00320001,00510001,older_younger,147,0.6346676079808675,0.2256009459490572
00320001,00420001,younger_younger,159,0.6532249808285674,0.22898975843650174
00320001,00420001,older_older,139,0.5623736565387715,0.23794118500111594
00320001,00420001,younger_older,141,0.5855031095521753,0.229255742892066
00320001,00420001,older_younger,154,0.6238699009131082,0.23617829853998193
00320001,00510002,younger_younger,156,0.7001325762558165,0.19317515566977128
00320001,00510002,older_older,153,0.6520394434610342,0.20625284328267898
00320001,00510002,younger_older,155,0.6804388583407729,0.20939249164169407
00320001,00510002,older_younger,153,0.6569968953259585,0.20387927386453997
00320001,00240001,younger_younger,155,0.68460431023513,0.2098131869803493
00320001,00240001,older_older,148,0.616905474915963,0.2281045606468461
00320001,00240001,younger_older,153,0.650277661140257,0.22092930425092208
00320001,00240001,older_younger,151,0.649668627976432,0.21085962076721157
00320001,00490001,younger_younger,148,0.6270149422447838,0.22854170878125044
00320001,00490001,older_older,124,0.6034451489682648,0.21296863891148418
00320001,00490001,younger_older,127,0.6270123255455554,0.21180525354925805
00320001,00490001,older_younger,143,0.5932305684466724,0.2326686495565368
00320001,00320003,younger_younger,154,0.7202579569112953,0.19719903192560218
00320001,00320003,older_older,143,0.6089117482243384,0.24635369352894348
00320001,00320003,younger_older,147,0.6704648032820275,0.229123367638427
00320001,00320003,older_younger,149,0.6628370366507605,0.20730668830552426
00320001,00400002,younger_younger,158,0.6931997963472079,0.2230357403619471
00320001,00400002,older_older,150,0.7014841396879539,0.18903515890642358
00320001,00400002,younger_older,155,0.7259088984748959,0.1894018515124115
00320001,00400002,older_younger,152,0.654861395096956,0.2203085178485085
00320001,00370002,younger_younger,158,0.7285754924084473,0.19681050338078632
00320001,00370002,older_older,152,0.6731315420739122,0.20262246612238957
00320001,00370002,younger_older,156,0.7043468592794135,0.19789902939243798
00320001,00370002,older_younger,154,0.6828351084326777,0.209181520369514
00320001,00590001,younger_younger,138,0.5811445667143478,0.20976301702702993
00320001,00590001,older_older,143,0.5334981293388408,0.23015399400535724
00320001,00590001,younger_older,146,0.5811335132995524,0.21213576749164992
00320001,00590001,older_younger,134,0.5338790872857876,0.23698878516601524
00680001,00320002,younger_younger,87,0.47330896773257447,0.2461789464398292
00680001,00320002,older_older,139,0.5225454273258703,0.2419372542239136
00680001,00320002,younger_older,85,0.40562978886579876,0.2432468945634631
00680001,00320002,older_younger,147,0.6263430253214146,0.23714493658660546
00680001,00500001,younger_younger,88,0.4464143698904536,0.24034149002039135
00680001,00500001,older_older,149,0.6558723615315294,0.24383559114841258
00680001,00500001,younger_older,88,0.5046207942233255,0.24958056270075643
00680001,00500001,older_younger,145,0.610840811853875,0.23570506919408457
00680001,00400001,younger_younger,88,0.4539582975236192,0.2518404078788564
00680001,00400001,older_older,148,0.6299813390516121,0.2382017412554157
00680001,00400001,younger_older,87,0.4771905935339713,0.24405352977484412
00680001,00400001,older_younger,149,0.6126085213201842,0.24332862047316633
00680001,00430001,younger_younger,88,0.40130774789590473,0.24818791744706054
00680001,00430001,older_older,143,0.5815206664330224,0.22556168236345955
00680001,00430001,younger_older,87,0.40240555871091416,0.2446824328725279
00680001,00430001,older_younger,147,0.5792255240864709,0.23740394401171275
00680001,00560001,younger_younger,88,0.44243112262178974,0.26092099146553205
00680001,00560001,older_older,145,0.5830763539152163,0.23005060390708892
00680001,00560001,younger_older,87,0.4350637402581797,0.24398318280613107
00680001,00560001,older_younger,147,0.5856857104017117,0.23785212911107873
00680001,00370001,younger_younger,88,0.43994884890041364,0.2503921686252205
00680001,00370001,older_older,144,0.5310335104844135,0.2410795468089792
00680001,00370001,younger_older,87,0.41623060360136493,0.23448460726376577
00680001,00370001,older_younger,146,0.5703410276674907,0.2602177822298291
00680001,00400003,younger_younger,86,0.42984033971417085,0.23710800897696924
00680001,00400003,older_older,143,0.5817873134135751,0.23016264031276532
00680001,00400003,younger_older,86,0.42581836546873186,0.2452549966541829
00680001,00400003,older_younger,144,0.5968179937760989,0.22591945532617286
00680001,00510001,younger_younger,88,0.4872574702813359,0.2533536228470411
00680001,00510001,older_older,138,0.591042056067888,0.23513416032149295
00680001,00510001,younger_older,87,0.44000190937014233,0.24518916747996033
00680001,00510001,older_younger,143,0.6311836651542402,0.23373374329779414
00680001,00420001,younger_younger,88,0.4944287573226211,0.24626692504612427
00680001,00420001,older_older,138,0.5481775012153174,0.21992420412337255
00680001,00420001,younger_older,86,0.4169016394688805,0.24024397210815315
00680001,00420001,older_younger,149,0.6520419400298116,0.2115994861707765
00680001,00510002,younger_younger,88,0.3863022907582884,0.24387601888842195
00680001,00510002,older_older,147,0.510101376355809,0.2483988697901457
00680001,00510002,younger_older,86,0.36300969817290385,0.25176227306794563
00680001,00510002,older_younger,146,0.5460455994052262,0.22968717156714152
00680001,00240001,younger_younger,87,0.4232741493537944,0.25513815034820386
00680001,00240001,older_older,143,0.5208030142522302,0.24818704070041947
00680001,00240001,younger_older,87,0.37954907056190834,0.26212361085445507
00680001,00240001,older_younger,146,0.5641906413710905,0.22885500459423164
00680001,00490001,younger_younger,88,0.42658879364519176,0.24981812475427245
00680001,00490001,older_older,125,0.562242922517481,0.23487531598931138
00680001,00490001,younger_older,87,0.384589750804937,0.25610151088186023
00680001,00490001,older_younger,142,0.5878871892953407,0.22797683425796342
00680001,00320003,younger_younger,88,0.456965793690458,0.25346150084337876
00680001,00320003,older_older,141,0.5588398264953407,0.2598348570404591
00680001,00320003,younger_older,87,0.4279702620522861,0.2604679305015414
00680001,00320003,older_younger,147,0.6010387763169378,0.232702976066535
00680001,00400002,younger_younger,88,0.44989335557234456,0.24704133485635743
00680001,00400002,older_older,146,0.5866917471898533,0.24422480088173326
00680001,00400002,younger_older,88,0.4086198666875261,0.25386284901731615
00680001,00400002,older_younger,148,0.5899790993743771,0.2512166077171087
00680001,00370002,younger_younger,88,0.4419839493056532,0.25204475708151286
00680001,00370002,older_older,148,0.5702936924477908,0.2267193331806615
00680001,00370002,younger_older,87,0.39908320060767044,0.25258069242098796
00680001,00370002,older_younger,150,0.604007595649459,0.2336876851443763
00680001,00590001,younger_younger,87,0.4825955993089846,0.2408594507879651
00680001,00590001,older_older,140,0.6027452529440694,0.23244722347822222
00680001,00590001,younger_older,86,0.4749177872208143,0.253005537538793
00680001,00590001,older_younger,136,0.5786666741768807,0.25574339258943574
00320002,00500001,younger_younger,152,0.6889798272598281,0.23705190622209252
00320002,00500001,older_older,144,0.6073245247216771,0.2296256138045903
00320002,00500001,younger_older,154,0.7116880811644232,0.21667406362952976
00320002,00500001,older_younger,142,0.5928078333414732,0.23704993073580136
00320002,00400001,younger_younger,156,0.7062019189416889,0.23010681666037225
00320002,00400001,older_older,144,0.6140361432222425,0.22703877804961842
00320002,00400001,younger_older,155,0.7296153412268465,0.2178249711679063
00320002,00400001,older_younger,144,0.5983082171577819,0.2342200220559241
00320002,00430001,younger_younger,153,0.6758053192225826,0.19645434503042505
00320002,00430001,older_older,140,0.568251298807194,0.23609515951087415
00320002,00430001,younger_older,150,0.6491024652044087,0.21520139968873941
00320002,00430001,older_younger,142,0.5796740456317732,0.23141754477483834
00320002,00560001,younger_younger,150,0.6791473088553229,0.21622696233127672
00320002,00560001,older_older,139,0.6129144487993907,0.19713286513597308
00320002,00560001,younger_older,150,0.7049482905248764,0.2011115198635216
00320002,00560001,older_younger,142,0.5797475438625074,0.21797030524618727
00320002,00370001,younger_younger,152,0.676118752136775,0.2408880753372094
00320002,00370001,older_older,143,0.5554133593089071,0.2406819402319546
00320002,00370001,younger_older,152,0.6123439640393542,0.23264663712707317
00320002,00370001,older_younger,142,0.5834535924591853,0.2214244336319295
00320002,00400003,younger_younger,149,0.699328976442881,0.20337177324312944
00320002,00400003,older_older,138,0.5446038250219055,0.2488596894874499
00320002,00400003,younger_older,146,0.6322017095268467,0.23299266960891193
00320002,00400003,older_younger,140,0.6088333992648369,0.22401036364265453
00320002,00510001,younger_younger,151,0.6915786025616116,0.22549044014007572
00320002,00510001,older_older,136,0.5730679385729298,0.23255925929717647
00320002,00510001,younger_older,143,0.673256879810161,0.21695388675830007
00320002,00510001,older_younger,142,0.5777636043268342,0.2369923571553809
00320002,00420001,younger_younger,156,0.6922145088155185,0.2044354449731671
00320002,00420001,older_older,134,0.510957006406111,0.24112123818257453
00320002,00420001,younger_older,141,0.5938186716026508,0.231130294471662
00320002,00420001,older_younger,144,0.5952434876163726,0.21212143462029884
00320002,00510002,younger_younger,154,0.6846454922356022,0.19764424134988845
00320002,00510002,older_older,142,0.5668305223071184,0.23487467150688446
00320002,00510002,younger_older,153,0.642296231340295,0.22966915900707122
00320002,00510002,older_younger,144,0.58207526921428,0.21584992337480316
00320002,00240001,younger_younger,153,0.6991597404322887,0.21495685221278943
00320002,00240001,older_older,141,0.5465753333347942,0.2415607610005562
00320002,00240001,younger_older,151,0.6502926730558329,0.2259356094571209
00320002,00240001,older_younger,143,0.5990390393722675,0.21502682833023143
00320002,00490001,younger_younger,147,0.6308967982405967,0.217943980952635
00320002,00490001,older_older,124,0.5211183811365946,0.2459378788338826
00320002,00490001,younger_older,127,0.6306717991466794,0.2111151818088276
00320002,00490001,older_younger,139,0.5379197648071364,0.23334535754309435
00320002,00320003,younger_younger,152,0.7064681603147543,0.21559441956026149
00320002,00320003,older_older,138,0.5665053022835694,0.24636973348680405
00320002,00320003,younger_older,145,0.6467332084751582,0.23556837854320345
00320002,00320003,older_younger,143,0.6113671173715334,0.21450785809664968
00320002,00400002,younger_younger,155,0.7075977060005838,0.20113087821737685
00320002,00400002,older_older,143,0.610977817439319,0.22255542583696328
00320002,00400002,younger_older,153,0.7162628326944642,0.1971076224072643
00320002,00400002,older_younger,143,0.602246222695033,0.23639331829819693
00320002,00370002,younger_younger,156,0.7381811604313292,0.20770749038141037
00320002,00370002,older_older,142,0.5943489767059056,0.2237210226778488
00320002,00370002,younger_older,154,0.6999095072168171,0.20705284276081296
00320002,00370002,older_younger,144,0.6169401392224237,0.21497524161554094
00320002,00590001,younger_younger,138,0.5954539223153686,0.23939562805075384
00320002,00590001,older_older,137,0.5196490638025039,0.2295638991345197
00320002,00590001,younger_older,145,0.6061843661450291,0.21018765981659177
00320002,00590001,older_younger,134,0.5121817077141758,0.24543170099291695
00500001,00400001,younger_younger,155,0.7030434842843887,0.22195495725403855
00500001,00400001,older_older,156,0.7342945529088057,0.21140157012064642
00500001,00400001,younger_older,153,0.7301937854202537,0.20253439567001705
00500001,00400001,older_younger,158,0.6958486598803972,0.2261361938546256
00500001,00430001,younger_younger,152,0.6847631009532672,0.22424758407741976
00500001,00430001,older_older,150,0.6639844700697711,0.2271761613497293
00500001,00430001,younger_older,150,0.6739062440395128,0.21537714251504397
00500001,00430001,older_younger,154,0.6592352311873828,0.23140756967021078
00500001,00560001,younger_younger,148,0.6360814352865011,0.22647067918473507
00500001,00560001,older_older,151,0.6924886542481123,0.1880041430076794
00500001,00560001,younger_older,150,0.6521689903030027,0.20728044022143086
00500001,00560001,older_younger,152,0.6723806006070121,0.21807761958460245
00500001,00370001,younger_younger,152,0.6421700747509093,0.23320110279547943
00500001,00370001,older_older,151,0.5923268373639454,0.23407335767832682
00500001,00370001,younger_older,149,0.5756451983752748,0.2469195684933861
00500001,00370001,older_younger,153,0.6408803180542157,0.24274754506516544
00500001,00400003,younger_younger,149,0.6870327694081977,0.22180422051391388
00500001,00400003,older_older,148,0.625787768444918,0.2445194800959454
00500001,00400003,younger_older,147,0.616560599448392,0.24029642982567528
00500001,00400003,older_younger,150,0.6712351023582549,0.21876353965933631
00500001,00510001,younger_younger,150,0.6514645817120809,0.2384103563050341
00500001,00510001,older_older,142,0.6689891965346513,0.22974050104028018
00500001,00510001,younger_older,141,0.6501373117439718,0.23077575192242641
00500001,00510001,older_younger,152,0.6784887285759386,0.24399704201299094
00500001,00420001,younger_younger,155,0.6638029990372158,0.22388304327142916
00500001,00420001,older_older,141,0.6096953495558418,0.23511528171890853
00500001,00420001,younger_older,140,0.59367125259741,0.2356664978960643
00500001,00420001,older_younger,157,0.7019143373477466,0.22411861759544058
00500001,00510002,younger_younger,153,0.6508123755945149,0.2275478988385656
00500001,00510002,older_older,153,0.6316332327979123,0.23478757293203745
00500001,00510002,younger_older,152,0.630568472441129,0.2416068740092168
00500001,00510002,older_younger,155,0.650167104370626,0.2288859927739101
00500001,00240001,younger_younger,151,0.6604855723462243,0.2193853864855226
00500001,00240001,older_older,152,0.5951489396820278,0.2370865573190637
00500001,00240001,younger_older,149,0.6195941941251031,0.23102174082840182
00500001,00240001,older_younger,153,0.6437343144519683,0.22574644878893832
00500001,00490001,younger_younger,147,0.6209349865479562,0.2410816212682124
00500001,00490001,older_older,128,0.607899767539881,0.23785907790510868
00500001,00490001,younger_older,128,0.5985470303787257,0.26090544560592643
00500001,00490001,older_younger,148,0.6472826794705773,0.2179296640577954
00500001,00320003,younger_younger,150,0.6711579176627726,0.21490122964939315
00500001,00320003,older_older,146,0.6351581001189014,0.22703488674887534
00500001,00320003,younger_older,144,0.6287950757375269,0.24058885242528052
00500001,00320003,older_younger,152,0.6934055995097524,0.20291401914711277
00500001,00400002,younger_younger,153,0.6651268057658322,0.24559013430121326
00500001,00400002,older_older,155,0.687246423685134,0.20681988401567383
00500001,00400002,younger_older,153,0.6790631189108443,0.2334008652321542
00500001,00400002,older_younger,156,0.6852101791128242,0.22150810429129952
00500001,00370002,younger_younger,154,0.69664600311485,0.2102790739818371
00500001,00370002,older_older,154,0.6666795302882793,0.20743081208298964
00500001,00370002,younger_older,153,0.651855296545973,0.22669859028298567
00500001,00370002,older_younger,157,0.6910594585014327,0.21758563969416575
00500001,00590001,younger_younger,136,0.5797579988458674,0.23890527103911002
00500001,00590001,older_older,145,0.6595706604697523,0.20895474232035538
00500001,00590001,younger_older,143,0.6061194777945759,0.213791230583112
00500001,00590001,older_younger,138,0.6415114157998149,0.21683659042909564
00400001,00430001,younger_younger,156,0.6808130682881685,0.2166905238236773
00400001,00430001,older_older,151,0.6842270737730275,0.21442565829844829
00400001,00430001,younger_older,151,0.6642737070971639,0.21474067220897236
00400001,00430001,older_younger,153,0.6910645493414308,0.2104366118536157
00400001,00560001,younger_younger,153,0.6612148217024633,0.21524218768534303
00400001,00560001,older_older,151,0.7045536346413147,0.20121146377733093
00400001,00560001,younger_older,153,0.6686139146913802,0.2155851773929372
00400001,00560001,older_younger,150,0.69379296102159,0.20368513199931815
00400001,00370001,younger_younger,155,0.6815777874805051,0.2349583403551626
00400001,00370001,older_older,152,0.6070611569141688,0.24595444618710088
00400001,00370001,younger_older,153,0.6054444302297051,0.2406765079382483
00400001,00370001,older_younger,153,0.6853046041308991,0.22303821812762437
00400001,00400003,younger_younger,151,0.7006302685749434,0.22153850343386536
00400001,00400003,older_older,148,0.6508288607141092,0.23005876955696503
00400001,00400003,younger_older,148,0.6356622732316922,0.23611509764110372
00400001,00400003,older_younger,151,0.7099201135161606,0.20942622318364215
00400001,00510001,younger_younger,152,0.6782731667946462,0.2355015845166795
00400001,00510001,older_older,143,0.6807736099767012,0.22799684000268897
00400001,00510001,younger_older,144,0.6565766410093754,0.24349768874414163
00400001,00510001,older_younger,151,0.7097499246325998,0.21610134183599652
00400001,00420001,younger_younger,159,0.6726450464054753,0.21168553949634977
00400001,00420001,older_older,142,0.6056928890846883,0.2371489231091705
00400001,00420001,younger_older,141,0.5801428691383853,0.2549550297728632
00400001,00420001,older_younger,157,0.7088704184096193,0.1991186474559385
00400001,00510002,younger_younger,156,0.6635919145592204,0.2229031441956747
00400001,00510002,older_older,154,0.65970014442276,0.23467345005481388
00400001,00510002,younger_older,155,0.6411016480593091,0.23762841903103926
00400001,00510002,older_younger,156,0.6824891311223202,0.22277768460352165
00400001,00240001,younger_younger,155,0.6714866580119043,0.22583585243885726
00400001,00240001,older_older,151,0.6339890901105163,0.24071483973769944
00400001,00240001,younger_older,152,0.638530240091433,0.23982048827429475
00400001,00240001,older_younger,155,0.685253979974978,0.22068598575925488
00400001,00490001,younger_younger,149,0.6507239860119259,0.22582684255018473
00400001,00490001,older_older,126,0.6178633823519262,0.23746645479843126
00400001,00490001,younger_older,128,0.6316012392367342,0.24011008948459406
00400001,00490001,older_younger,147,0.6687441825521341,0.20540353858773366
00400001,00320003,younger_younger,154,0.6788690551537484,0.22758883352686002
00400001,00320003,older_older,145,0.6764043545034054,0.22594615023255715
00400001,00320003,younger_older,147,0.6486263733527035,0.2493878092426529
00400001,00320003,older_younger,152,0.7110165661106245,0.20878499820192314
00400001,00400002,younger_younger,157,0.6734191309299993,0.24266094609207145
00400001,00400002,older_older,154,0.7146184637133568,0.2028428852236862
00400001,00400002,younger_older,156,0.692091705954228,0.2230973513288518
00400001,00400002,older_younger,155,0.7020634751049445,0.22306010413089492
00400001,00370002,younger_younger,158,0.7100756917358245,0.2226917522110079
00400001,00370002,older_older,155,0.694509504123765,0.21361695973702527
00400001,00370002,younger_older,156,0.6694450091751901,0.22534432180630679
00400001,00370002,older_younger,157,0.7275090051163159,0.20854531999177725
00400001,00590001,younger_younger,138,0.5715047546646506,0.24222855199608864
00400001,00590001,older_older,145,0.6224020147068423,0.21460707110196933
00400001,00590001,younger_older,146,0.5900595390708733,0.22077955446623881
00400001,00590001,older_younger,137,0.6031053340467958,0.22852843030781955
00430001,00560001,younger_younger,151,0.5979006635140999,0.20682857739032287
00430001,00560001,older_older,149,0.6114351916017097,0.21578751484662148
00430001,00560001,younger_older,152,0.6196084159112013,0.19817225580111536
00430001,00560001,older_younger,145,0.5989005600731439,0.21220327483549922
00430001,00370001,younger_younger,151,0.642634411287539,0.22334043551279412
00430001,00370001,older_older,147,0.5480277114883492,0.23962732472903592
00430001,00370001,younger_older,150,0.5674310024524525,0.23350792306624804
00430001,00370001,older_younger,148,0.6207549156331376,0.21789526578977159
00430001,00400003,younger_younger,150,0.6831170410841086,0.21231525701753812
00430001,00400003,older_older,147,0.6098920334562726,0.23807943015300934
00430001,00400003,younger_older,147,0.6286304332493294,0.22927932358633044
00430001,00400003,older_younger,148,0.6692253709253078,0.2005518449284452
00430001,00510001,younger_younger,151,0.6302373232898124,0.22514246337722427
00430001,00510001,older_older,141,0.6074101919694878,0.2350767129855302
00430001,00510001,younger_older,142,0.6281648746493496,0.21428895624588767
00430001,00510001,older_younger,148,0.6221297952425725,0.2248503154139439
00430001,00420001,younger_younger,156,0.6373478566147582,0.21553839550057272
00430001,00420001,older_older,139,0.5526632098379387,0.2437374330429248
00430001,00420001,younger_older,139,0.5739765968238362,0.22855550390128515
00430001,00420001,older_younger,152,0.6324122611262596,0.2227798816884993
00430001,00510002,younger_younger,152,0.6613943157568878,0.19519555463640054
00430001,00510002,older_older,150,0.641262258934055,0.22069002705425048
00430001,00510002,younger_older,152,0.6484371750928217,0.21050502142517402
00430001,00510002,older_younger,151,0.6435799726115435,0.20237369529874075
00430001,00240001,younger_younger,151,0.6437461038359403,0.20723091443206923
00430001,00240001,older_older,148,0.5892254477189364,0.23772377192788866
00430001,00240001,younger_older,150,0.6186363702572747,0.22113121786289394
00430001,00240001,older_younger,149,0.6234251142675804,0.20757130271425098
00430001,00490001,younger_younger,148,0.6073936080506936,0.2337954377663968
00430001,00490001,older_older,126,0.580202700956748,0.24506741240578062
00430001,00490001,younger_older,128,0.5971142514660224,0.24130075863990658
00430001,00490001,older_younger,145,0.6065465106114557,0.2392201460830828
00430001,00320003,younger_younger,153,0.6262255791431011,0.23037886499183505
00430001,00320003,older_older,141,0.587943119613292,0.24964647407852236
00430001,00320003,younger_older,147,0.5949319686549277,0.24885406003273122
00430001,00320003,older_younger,147,0.6238358475425412,0.23291922778093943
00430001,00400002,younger_younger,155,0.6597787490737772,0.2271265099987055
00430001,00400002,older_older,148,0.662638614711173,0.20615065920826445
00430001,00400002,younger_older,152,0.6834766269472636,0.20342062464523766
00430001,00400002,older_younger,151,0.6431532705198085,0.2326366140990898
00430001,00370002,younger_younger,156,0.678978513673421,0.2046618791081362
00430001,00370002,older_older,151,0.6426921692025279,0.19923639572924867
00430001,00370002,younger_older,154,0.6506635998556992,0.20728105362107127
00430001,00370002,older_younger,151,0.6681353874928718,0.19252467811376098
00430001,00590001,younger_younger,138,0.5271854295457917,0.23689979800100752
00430001,00590001,older_older,142,0.5652643214518405,0.20736997938904161
00430001,00590001,younger_older,145,0.5507022305374715,0.21412961954557974
00430001,00590001,older_younger,134,0.5376363566870986,0.22703543553428235
00560001,00370001,younger_younger,150,0.6236666836206742,0.22441364381973353
00560001,00370001,older_older,148,0.5983293702613882,0.21220179451876517
00560001,00370001,younger_older,148,0.5801423312421227,0.22567761807017633
00560001,00370001,older_younger,150,0.657111342854854,0.2047359973670204
00560001,00400003,younger_younger,146,0.6369556198564891,0.20978231582938947
00560001,00400003,older_older,145,0.5970671819853558,0.2358441701603868
00560001,00400003,younger_older,144,0.5795673083649437,0.23766040779157604
00560001,00400003,older_younger,148,0.6678987966346587,0.20591837202802335
00560001,00510001,younger_younger,146,0.6534642329384845,0.24042230215718358
00560001,00510001,older_older,141,0.6441028301529593,0.21576120215530747
00560001,00510001,younger_older,141,0.6149015040161546,0.22548579945890732
00560001,00510001,older_younger,147,0.6844667536722635,0.210406630011127
00560001,00420001,younger_younger,153,0.6428165732027573,0.2161217892922386
00560001,00420001,older_older,140,0.5732842520419608,0.2255609505767193
00560001,00420001,younger_older,137,0.5564516920108243,0.23452804414469042
00560001,00420001,older_younger,153,0.6549468569271015,0.21432086389661345
00560001,00510002,younger_younger,149,0.6134900498932347,0.20702648237272528
00560001,00510002,older_older,152,0.6556643686023895,0.19829162052735888
00560001,00510002,younger_older,149,0.5989457087496716,0.2219377846602747
00560001,00510002,older_younger,150,0.6701486361827799,0.1795511667232566
00560001,00240001,younger_younger,149,0.6143196020577999,0.21749542247734002
00560001,00240001,older_older,147,0.6080366236857636,0.20696161572092064
00560001,00240001,younger_older,147,0.5662925526495862,0.21649575817091224
00560001,00240001,older_younger,150,0.6586945781977775,0.19733302015942292
00560001,00490001,younger_younger,147,0.5923612734859423,0.22251798904203793
00560001,00490001,older_older,126,0.5806258004650496,0.2040121808895635
00560001,00490001,younger_older,128,0.556381730304491,0.24541770904423607
00560001,00490001,older_younger,144,0.5928218486482755,0.22260406745609093
00560001,00320003,younger_younger,152,0.6650120931584003,0.21195351512699057
00560001,00320003,older_older,142,0.6358710465700153,0.20487029324483647
00560001,00320003,younger_older,145,0.6038865833487078,0.23899859044615443
00560001,00320003,older_younger,148,0.7006671913345568,0.181715460200719
00560001,00400002,younger_younger,153,0.6212350464849529,0.22519762140985725
00560001,00400002,older_older,149,0.6962749277608907,0.1762247093083205
00560001,00400002,younger_older,150,0.625055012615745,0.22111587739829391
00560001,00400002,older_younger,151,0.673203392469956,0.19701037807040014
00560001,00370002,younger_younger,153,0.6644560870156919,0.20881278167521045
00560001,00370002,older_older,152,0.6956510107740888,0.19358909637850036
00560001,00370002,younger_older,151,0.6387792816719055,0.21870056587030884
00560001,00370002,older_younger,152,0.7183438853115093,0.187669552315204
00560001,00590001,younger_younger,138,0.5784282529332915,0.22873301381804187
00560001,00590001,older_older,143,0.5939536624526192,0.20700681668957838
00560001,00590001,younger_older,144,0.5866738109454019,0.21757137534914364
00560001,00590001,older_younger,135,0.5877292496101577,0.20765341162714315
00370001,00400003,younger_younger,147,0.6843020179699006,0.2004893228430661
00370001,00400003,older_older,143,0.5396997365973892,0.2525719218501494
00370001,00400003,younger_older,144,0.6206160101199933,0.22415258083303605
00370001,00400003,older_younger,146,0.6022296497696122,0.22632288382701396
00370001,00510001,younger_younger,148,0.6345334759036769,0.24159617228305605
00370001,00510001,older_older,141,0.5749954799296955,0.23975536325020405
00370001,00510001,younger_older,142,0.6211230371897329,0.23895822473026374
00370001,00510001,older_younger,148,0.5507420848797967,0.25526377800664213
00370001,00420001,younger_younger,155,0.6084703797394871,0.24763079030204665
00370001,00420001,older_older,139,0.4872694745494589,0.2324766802441886
00370001,00420001,younger_older,141,0.5368411094813363,0.23094719294693367
00370001,00420001,older_younger,153,0.5648225983102048,0.22918850895649337
00370001,00510002,younger_younger,153,0.6423511975049555,0.2075814243539093
00370001,00510002,older_older,150,0.5579813273581439,0.2508549839663899
00370001,00510002,younger_older,152,0.6181564522910934,0.22190845228681333
00370001,00510002,older_younger,151,0.5718503816748618,0.22858881671421313
00370001,00240001,younger_younger,153,0.6686610112114754,0.22543844290733525
00370001,00240001,older_older,147,0.5783269876412048,0.2397054320602783
00370001,00240001,younger_older,148,0.6441569614067023,0.2282986807667624
00370001,00240001,older_younger,152,0.6139614779864354,0.22335604760500616
00370001,00490001,younger_younger,146,0.5897153101768471,0.24615033780646015
00370001,00490001,older_older,127,0.5434485582687966,0.22063316824070278
00370001,00490001,younger_older,128,0.597293030016358,0.21508330727976935
00370001,00490001,older_younger,145,0.5468131640322885,0.22048971129470438
00370001,00320003,younger_younger,152,0.6745321472586635,0.2373542535452484
00370001,00320003,older_older,143,0.5959216476913417,0.23520301183637207
00370001,00320003,younger_older,144,0.6505148812901419,0.22844683489357265
00370001,00320003,older_younger,151,0.6252874162537994,0.22817997953391173
00370001,00400002,younger_younger,153,0.6529138294046289,0.26095800419170523
00370001,00400002,older_older,150,0.630101195004899,0.22517621964425116
00370001,00400002,younger_older,152,0.6852329204614241,0.21761641427824935
00370001,00400002,older_younger,151,0.6096410229708034,0.22799677128939005
00370001,00370002,younger_younger,154,0.6848330154366438,0.22443419693371341
00370001,00370002,older_older,151,0.5937329852030833,0.22567418749969184
00370001,00370002,younger_older,153,0.6487175704382796,0.2186589295087852
00370001,00370002,older_younger,152,0.6256752179826272,0.2192711292765515
00370001,00590001,younger_younger,137,0.5476133601395499,0.23452681478678863
00370001,00590001,older_older,143,0.5191375611551398,0.21005066065559624
00370001,00590001,younger_older,144,0.5557721656492389,0.2314364202511604
00370001,00590001,older_younger,138,0.49710208574649545,0.23923242576013676
00400003,00510001,younger_younger,147,0.6561399925181045,0.2218386597720943
00400003,00510001,older_older,137,0.5911869326329691,0.2516622021086187
00400003,00510001,younger_older,140,0.6560762547779266,0.21358764786838602
00400003,00510001,older_younger,144,0.6133772642234159,0.24262748899798153
00400003,00420001,younger_younger,152,0.6538386825443505,0.21116578948932563
00400003,00420001,older_older,135,0.550427663633123,0.2335513076610947
00400003,00420001,younger_older,138,0.5823453903519967,0.22947786208968074
00400003,00420001,older_younger,149,0.599545970656451,0.2413126779931828
00400003,00510002,younger_younger,149,0.6646275533953927,0.20603688643518786
00400003,00510002,older_older,147,0.5764236763349798,0.23776498549431638
00400003,00510002,younger_older,150,0.6399089517696449,0.22929264623144693
00400003,00510002,older_younger,146,0.5967785876417666,0.21778881584676407
00400003,00240001,younger_younger,149,0.686844032980731,0.203702628778477
00400003,00240001,older_older,145,0.5640510065224922,0.25318755257557335
00400003,00240001,younger_older,147,0.6416551844570813,0.22700023244872813
00400003,00240001,older_younger,146,0.604176079541562,0.23615398916845942
00400003,00490001,younger_younger,144,0.6021996666716632,0.23550522111272806
00400003,00490001,older_older,125,0.5585594136597201,0.25844554405863907
00400003,00490001,younger_older,125,0.6069649859523236,0.22308689115781158
00400003,00490001,older_younger,144,0.5600312766243553,0.24340928189494823
00400003,00320003,younger_younger,147,0.6767940721052156,0.21294482409362242
00400003,00320003,older_older,140,0.5698556689196445,0.2623284610605003
00400003,00320003,younger_older,143,0.6360823597215088,0.22720123193926278
00400003,00320003,older_younger,144,0.6111800472501729,0.23958767374118511
00400003,00400002,younger_younger,150,0.6838938968902469,0.21567053886591123
00400003,00400002,older_older,146,0.6172968768834668,0.2351567536833504
00400003,00400002,younger_older,149,0.7067254582218758,0.19459909562284508
00400003,00400002,older_younger,147,0.6089354515441842,0.2379903403129633
00400003,00370002,younger_younger,151,0.7137841212525748,0.19713416019431337
00400003,00370002,older_older,148,0.6058478593947277,0.222933892285624
00400003,00370002,younger_older,151,0.6720558656556266,0.22172315932736986
00400003,00370002,older_younger,148,0.6286967250000743,0.22378891991950056
00400003,00590001,younger_younger,135,0.5717858185280129,0.22182578407335485
00400003,00590001,older_older,142,0.5483365303404136,0.23748870606584999
00400003,00590001,younger_older,143,0.5883793959263475,0.21457001571321266
00400003,00590001,older_younger,134,0.5179814163467007,0.26940191809622455
00510001,00420001,younger_younger,152,0.6847148835291936,0.2286566426238468
00510001,00420001,older_older,137,0.5573750673700382,0.2276208889977023
00510001,00420001,younger_older,140,0.5944602542110331,0.23581458714778578
00510001,00420001,older_younger,143,0.6565487954727319,0.20078326271948374
00510001,00510002,younger_younger,151,0.6519486109502798,0.21419418448581443
00510001,00510002,older_older,141,0.6119745396799425,0.24785455474413834
00510001,00510002,younger_older,148,0.6317062210880929,0.228367101094912
00510001,00510002,older_younger,143,0.6367761583476157,0.23287510244005472
00510001,00240001,younger_younger,149,0.6320828967616475,0.23218700511422316
00510001,00240001,older_older,140,0.5919210164088466,0.24136196599307752
00510001,00240001,younger_older,150,0.5873847211970183,0.24341475656455078
00510001,00240001,older_younger,143,0.6391609321944578,0.21283875246055445
00510001,00490001,younger_younger,144,0.6060027927697266,0.2512807773135753
00510001,00490001,older_older,124,0.5654323498910131,0.24923862872547423
00510001,00490001,younger_older,127,0.5905330947783024,0.25106247648967334
00510001,00490001,older_younger,139,0.5899627661463458,0.24227641459155946
00510001,00320003,younger_younger,149,0.642023656460407,0.24337242572045426
00510001,00320003,older_older,135,0.614357067278165,0.23415201417493497
00510001,00320003,younger_older,143,0.5927489013679983,0.26043686305815766
00510001,00320003,older_younger,140,0.6283718382510419,0.23583651695084293
00510001,00400002,younger_younger,152,0.653923081866903,0.23443143599827432
00510001,00400002,older_older,142,0.6669659911057904,0.22125603914014325
00510001,00400002,younger_older,150,0.666089726493261,0.21507121317977282
00510001,00400002,older_younger,143,0.6455257890741398,0.22498876234115686
00510001,00370002,younger_younger,152,0.6823458169632053,0.22688187613546407
00510001,00370002,older_older,142,0.6361884746252892,0.23466213993510865
00510001,00370002,younger_older,150,0.6536921981752325,0.23369063086516384
00510001,00370002,older_younger,143,0.674318790968892,0.2184771092650596
00510001,00590001,younger_younger,136,0.5941714088565913,0.24302138719763525
00510001,00590001,older_older,136,0.5731467466391896,0.22153991884770832
00510001,00590001,younger_older,140,0.6068405165865602,0.22395924482851629
00510001,00590001,older_younger,131,0.5741243526037286,0.23906167102200077
00420001,00510002,younger_younger,156,0.6370578803423002,0.23019691997878472
00420001,00510002,older_older,140,0.5407451116937402,0.24878440866547477
00420001,00510002,younger_older,156,0.5964206690833967,0.24915432460973566
00420001,00510002,older_younger,142,0.5525337545444585,0.25387717920945163
00420001,00240001,younger_younger,155,0.6405179338831687,0.21413256326052502
00420001,00240001,older_older,139,0.5099518612270549,0.2401642187742157
00420001,00240001,younger_older,152,0.585157817098359,0.22948126080609815
00420001,00240001,older_younger,141,0.5407350583673227,0.23707452278181473
00420001,00490001,younger_younger,149,0.642018774932749,0.1844636741637313
00420001,00490001,older_older,124,0.5120293625252003,0.23657518282981313
00420001,00490001,younger_older,128,0.5757045814171111,0.24148943047018753
00420001,00490001,older_younger,135,0.5339712424167277,0.23624522371390333
00420001,00320003,younger_younger,155,0.6523191575593495,0.20928599813372295
00420001,00320003,older_older,133,0.520834908380876,0.24031564876169162
00420001,00320003,younger_older,148,0.6066128765961476,0.2277755716263777
00420001,00320003,older_younger,139,0.5617592360569542,0.22637096368435441
00420001,00400002,younger_younger,158,0.6670483990912994,0.2200671278336436
00420001,00400002,older_older,140,0.5874617826550377,0.2167166614011579
00420001,00400002,younger_older,156,0.6703326758905483,0.21381403105904404
00420001,00400002,older_younger,140,0.5787274289973139,0.22224423152395953
00420001,00370002,younger_younger,159,0.6957111096421238,0.21177229671356085
00420001,00370002,older_older,141,0.5594694333939547,0.2462231071888177
00420001,00370002,younger_older,157,0.6455019494164475,0.22755106212541207
00420001,00370002,older_younger,142,0.5966968807036573,0.22460595453623003
00420001,00590001,younger_younger,139,0.6164850627994874,0.21573039637190342
00420001,00590001,older_older,133,0.5343074036643897,0.2339285724942878
00420001,00590001,younger_older,147,0.6317054194460774,0.2081395063609556
00420001,00590001,older_younger,129,0.5289032924201055,0.22967845788309113
00510002,00240001,younger_younger,153,0.6520464068221816,0.19573880782654776
00510002,00240001,older_older,150,0.5945720030431864,0.23465093956794505
00510002,00240001,younger_older,151,0.606650019555138,0.21994166969114987
00510002,00240001,older_younger,152,0.619278912224761,0.21968494855816434
00510002,00490001,younger_younger,146,0.5897731276611947,0.2321380468003118
00510002,00490001,older_older,125,0.5566564363248302,0.22947734498802339
00510002,00490001,younger_older,127,0.5640422536502445,0.2275215474773042
00510002,00490001,older_younger,145,0.5662757682536752,0.24316411178359373
00510002,00320003,younger_younger,151,0.6525145719802243,0.22110898180502
00510002,00320003,older_older,145,0.5631182385877306,0.2525253976241106
00510002,00320003,younger_older,144,0.5951513583964451,0.24265590477542223
00510002,00320003,older_younger,151,0.616862907103768,0.2389328514688194
00510002,00400002,younger_younger,154,0.6595259645722065,0.21501190034771958
00510002,00400002,older_older,152,0.6490850351988243,0.21143387768131236
00510002,00400002,younger_older,153,0.6823106457827193,0.1986793410789211
00510002,00400002,older_younger,154,0.6120571292588718,0.24285722194311743
00510002,00370002,younger_younger,156,0.6999850289876406,0.20117607179482958
00510002,00370002,older_older,154,0.6789067251359808,0.19624454646936312
00510002,00370002,younger_older,153,0.6889885049942911,0.1819957864460744
00510002,00370002,older_younger,155,0.6750776096449719,0.20522357064192
00510002,00590001,younger_younger,136,0.5402853915514046,0.21667950237121342
00510002,00590001,older_older,145,0.5162470674160496,0.23547438152962702
00510002,00590001,younger_older,143,0.5452112139290287,0.22107788725870392
00510002,00590001,older_younger,136,0.5050672933046085,0.23721776161725
00240001,00490001,younger_younger,146,0.6066222692227315,0.22380485465192052
00240001,00490001,older_older,125,0.5848726110367242,0.209557533180408
00240001,00490001,younger_older,126,0.5998447670578019,0.2163962244672535
00240001,00490001,older_younger,145,0.5632647841344329,0.24971092719604898
00240001,00320003,younger_younger,151,0.6798055647251943,0.21961374056969932
00240001,00320003,older_older,142,0.5953613753235587,0.25188176501843457
00240001,00320003,younger_older,143,0.6427943833033505,0.22785854130729175
00240001,00320003,older_younger,148,0.6306934824919889,0.22240770312853653
00240001,00400002,younger_younger,153,0.6922866078258588,0.21106911457395316
00240001,00400002,older_older,149,0.6679375457794993,0.23398259915828867
00240001,00400002,younger_older,152,0.714397996151749,0.19651919204477356
00240001,00400002,older_younger,152,0.6385837023361169,0.23387558537898653
00240001,00370002,younger_younger,154,0.7193211917316509,0.20378005599234497
00240001,00370002,older_older,150,0.6411858532365923,0.22645945210182056
00240001,00370002,younger_older,153,0.6859571360654599,0.21536211587465426
00240001,00370002,older_younger,152,0.6674294413452763,0.22612751680911727
00240001,00590001,younger_younger,137,0.5593977948174271,0.2136898172104537
00240001,00590001,older_older,142,0.5013944729497642,0.22595820440211803
00240001,00590001,younger_older,145,0.5547528309725652,0.2228140970563098
00240001,00590001,older_younger,135,0.49930762980510635,0.2291505214751308
00490001,00320003,younger_younger,147,0.6065361287038018,0.23654716193820632
00490001,00320003,older_older,125,0.5779583340485919,0.2521399395494864
00490001,00320003,younger_older,141,0.5999481450346706,0.23557572729901907
00490001,00320003,older_younger,128,0.5974021418571221,0.23874396169169826
00490001,00400002,younger_younger,148,0.6359886685628767,0.22907857256121975
00490001,00400002,older_older,128,0.6240790027450726,0.22074362251110335
00490001,00400002,younger_older,146,0.6304540107962475,0.22301460955445274
00490001,00400002,older_younger,128,0.6190872355655924,0.23165820485559527
00490001,00370002,younger_younger,149,0.650848504561836,0.20268424407143626
00490001,00370002,older_older,127,0.5945901689233241,0.22295134630928568
00490001,00370002,younger_older,147,0.6163915701997906,0.2124081342923437
00490001,00370002,older_younger,128,0.6382497115428933,0.19910444843185213
00490001,00590001,younger_younger,135,0.5518209720449264,0.22447734407332065
00490001,00590001,older_older,125,0.5117346206040196,0.24072429636729029
00490001,00590001,younger_older,142,0.5648942611189417,0.22195219578421452
00490001,00590001,older_younger,125,0.49449806021904075,0.2588091015296936
00320003,00400002,younger_younger,154,0.6655463585710291,0.22800972953549598
00320003,00400002,older_older,147,0.6478324191179561,0.22906165187904537
00320003,00400002,younger_older,151,0.6927805180471932,0.20449499634991086
00320003,00400002,older_younger,148,0.6292255990106004,0.23752414123338764
00320003,00370002,younger_younger,155,0.7053457400745176,0.21501035028579082
00320003,00370002,older_older,146,0.6166554518058454,0.24322407128733806
00320003,00370002,younger_older,153,0.671136071696683,0.21436758149124763
00320003,00370002,older_younger,148,0.650544618263301,0.2421743505058563
00320003,00590001,younger_younger,139,0.5942448816721676,0.22382119655923047
00320003,00590001,older_older,139,0.5555046595606373,0.22276345388173513
00320003,00590001,younger_older,144,0.5945648094273049,0.2164960091898346
00320003,00590001,older_younger,135,0.5525273849949157,0.2253272166187324
00400002,00370002,younger_younger,158,0.7097092411647757,0.21416250602735595
00400002,00370002,older_older,153,0.707694705242176,0.20193010699183525
00400002,00370002,younger_older,155,0.6811167369650375,0.22034422781631277
00400002,00370002,older_younger,155,0.7388369278840672,0.1874815750838064
00400002,00590001,younger_younger,138,0.5933612926571855,0.21966994763114464
00400002,00590001,older_older,144,0.5899504150466583,0.21815043508835574
00400002,00590001,younger_older,146,0.6112311485941367,0.2093199083332926
00400002,00590001,older_younger,137,0.5854753027203545,0.22098593785331816
00370002,00590001,younger_younger,139,0.5920158629962258,0.215895345302698
00370002,00590001,older_older,145,0.563210881347123,0.22594605970611553
00370002,00590001,younger_older,147,0.6055388653519456,0.20370146672440942
00370002,00590001,older_younger,139,0.546890081533496,0.2373565562449551
