subject_id,permutation,correlation,n_common_categories
00320001,0,0.8655458523670464,158.0
00320001,1,0.8529097191569884,155.0
00320001,2,0.8346215550463233,152.0
00320001,3,0.8266645734758427,155.0
00320001,4,0.8351358969150633,154.0
00320001,5,0.8416069901461617,158.0
00320001,6,0.8569072012335102,155.0
00320001,7,0.8416425713332506,155.0
00320001,8,0.8384455920094948,157.0
00320001,9,0.8486295200772247,157.0
00320001,10,0.8594704682745076,155.0
00320001,11,0.8620135205009314,156.0
00320001,12,0.8536428121468457,157.0
00320001,13,0.8093675004733561,153.0
00320001,14,0.828842183317418,156.0
00320001,15,0.8382144080640702,157.0
00320001,16,0.8211397600125637,157.0
00320001,17,0.8465079010579335,154.0
00320001,18,0.8356830991755531,156.0
00320001,19,0.8633307007402484,155.0
00320001,20,0.8431796584820592,158.0
00320001,21,0.8406619417603756,158.0
00320001,22,0.8021702221743554,156.0
00320001,23,0.85130418483953,155.0
00320001,24,0.8449980245602423,152.0
00320001,25,0.8639003027558778,155.0
00320001,26,0.8550798223309868,157.0
00320001,27,0.8666378768117954,157.0
00320001,28,0.860881912043689,156.0
00320001,29,0.8262607402159852,155.0
00320001,30,0.8449860541507377,157.0
00320001,31,0.8755586319252154,155.0
00320001,32,0.847635100909903,154.0
00320001,33,0.845838864178781,155.0
00320001,34,0.8699602917734606,155.0
00320001,35,0.8536718050259408,155.0
00320001,36,0.8304627846858683,155.0
00320001,37,0.8258638156576867,155.0
00320001,38,0.8355600227837505,157.0
00320001,39,0.8216366100839907,155.0
00320001,40,0.8649203071199846,156.0
00320001,41,0.7934944794795751,153.0
00320001,42,0.8428175499974521,157.0
00320001,43,0.8614644856879294,154.0
00320001,44,0.8601113909162343,156.0
00320001,45,0.870694839211713,152.0
00320001,46,0.8188233445129457,155.0
00320001,47,0.8547580845778119,152.0
00320001,48,0.8261347435231994,156.0
00320001,49,0.8332378392214258,155.0
00320001,50,0.8062800665646688,155.0
00320001,51,0.8577175733292068,156.0
00320001,52,0.8155593625100113,154.0
00320001,53,0.8244260305464591,155.0
00320001,54,0.8592833235358778,154.0
00320001,55,0.8507407681150991,149.0
00320001,56,0.8532251823681691,156.0
00320001,57,0.8670760727666634,154.0
00320001,58,0.8435904336389756,156.0
00320001,59,0.8160278114570043,157.0
00320001,60,0.8490004910454078,155.0
00320001,61,0.8368344134802522,154.0
00320001,62,0.8351076919034804,155.0
00320001,63,0.8701509470733148,157.0
00320001,64,0.8530713476994123,156.0
00320001,65,0.8632256015111955,155.0
00320001,66,0.845746255320689,155.0
00320001,67,0.8532433919416459,151.0
00320001,68,0.8471650970493548,157.0
00320001,69,0.8024019836542309,154.0
00320001,70,0.8477432406610295,154.0
00320001,71,0.8060162112523158,155.0
00320001,72,0.8156963421417865,157.0
00320001,73,0.8496849981827609,157.0
00320001,74,0.836509531655614,155.0
00320001,75,0.8514093931504687,156.0
00320001,76,0.8188233445129457,155.0
00320001,77,0.8144597544641929,154.0
00320001,78,0.836509531655614,155.0
00320001,79,0.8496849981827609,157.0
00320001,80,0.8445846139982339,151.0
00320001,81,0.8181326563034917,155.0
00320001,82,0.8390602285849673,155.0
00320001,83,0.8508210139233426,158.0
00320001,84,0.8494166540556892,154.0
00320001,85,0.8249956300406721,156.0
00320001,86,0.8341456437208461,151.0
00320001,87,0.8364137439633565,156.0
00320001,88,0.8372736310250786,156.0
00320001,89,0.8331058377681718,155.0
00320001,90,0.7950894911870483,157.0
00320001,91,0.8694490130013217,155.0
00320001,92,0.8548902340524296,156.0
00320001,93,0.8474935164599323,155.0
00320001,94,0.8451473205172974,157.0
00320001,95,0.8206972602573269,152.0
00320001,96,0.8385321067099751,154.0
00320001,97,0.8495070295749663,156.0
00320001,98,0.8290650985950401,155.0
00320001,99,0.8428361900339698,156.0
00320001,mean,0.841300956620666,
00680001,0,0.751561194067011,137.0
00680001,1,0.751561194067011,137.0
00680001,2,0.751561194067011,137.0
00680001,3,0.5510116308484995,87.0
00680001,4,0.5510116308484995,87.0
00680001,5,0.5510116308484995,87.0
00680001,6,0.5510116308484995,87.0
00680001,7,0.5761202663612892,135.0
00680001,8,0.5761202663612892,135.0
00680001,9,0.5761202663612892,135.0
00680001,10,0.751561194067011,137.0
00680001,11,0.5510116308484995,87.0
00680001,12,0.6462450437469504,132.0
00680001,13,0.5510116308484995,87.0
00680001,14,0.5510116308484995,87.0
00680001,15,0.5510116308484995,87.0
00680001,16,0.5761202663612892,135.0
00680001,17,0.751561194067011,137.0
00680001,18,0.751561194067011,137.0
00680001,19,0.6462450437469504,132.0
00680001,20,0.6182293010688247,83.0
00680001,21,0.6462450437469504,132.0
00680001,22,0.5761202663612892,135.0
00680001,23,0.751561194067011,137.0
00680001,24,0.6462450437469504,132.0
00680001,25,0.5761202663612892,135.0
00680001,26,0.6462450437469504,132.0
00680001,27,0.5510116308484995,87.0
00680001,28,0.5510116308484995,87.0
00680001,29,0.6462450437469504,132.0
00680001,30,0.5761202663612892,135.0
00680001,31,0.6182293010688247,83.0
00680001,32,0.6182293010688247,83.0
00680001,33,0.5510116308484995,87.0
00680001,34,0.6462450437469504,132.0
00680001,35,0.751561194067011,137.0
00680001,36,0.751561194067011,137.0
00680001,37,0.6182293010688247,83.0
00680001,38,0.6462450437469504,132.0
00680001,39,0.6462450437469504,132.0
00680001,40,0.6182293010688247,83.0
00680001,41,0.6462450437469504,132.0
00680001,42,0.6182293010688247,83.0
00680001,43,0.5510116308484995,87.0
00680001,44,0.5761202663612892,135.0
00680001,45,0.751561194067011,137.0
00680001,46,0.6462450437469504,132.0
00680001,47,0.5510116308484995,87.0
00680001,48,0.751561194067011,137.0
00680001,49,0.5510116308484995,87.0
00680001,50,0.751561194067011,137.0
00680001,51,0.6462450437469504,132.0
00680001,52,0.5761202663612892,135.0
00680001,53,0.6182293010688247,83.0
00680001,54,0.5510116308484995,87.0
00680001,55,0.5761202663612892,135.0
00680001,56,0.5761202663612892,135.0
00680001,57,0.6182293010688247,83.0
00680001,58,0.5510116308484995,87.0
00680001,59,0.5761202663612892,135.0
00680001,60,0.6182293010688247,83.0
00680001,61,0.6182293010688247,83.0
00680001,62,0.5761202663612892,135.0
00680001,63,0.751561194067011,137.0
00680001,64,0.751561194067011,137.0
00680001,65,0.751561194067011,137.0
00680001,66,0.6182293010688247,83.0
00680001,67,0.751561194067011,137.0
00680001,68,0.6182293010688247,83.0
00680001,69,0.5761202663612892,135.0
00680001,70,0.751561194067011,137.0
00680001,71,0.6462450437469504,132.0
00680001,72,0.6182293010688247,83.0
00680001,73,0.5510116308484995,87.0
00680001,74,0.6462450437469504,132.0
00680001,75,0.5761202663612892,135.0
00680001,76,0.5510116308484995,87.0
00680001,77,0.6462450437469504,132.0
00680001,78,0.5510116308484995,87.0
00680001,79,0.5510116308484995,87.0
00680001,80,0.5761202663612892,135.0
00680001,81,0.6462450437469504,132.0
00680001,82,0.5510116308484995,87.0
00680001,83,0.751561194067011,137.0
00680001,84,0.5761202663612892,135.0
00680001,85,0.6182293010688247,83.0
00680001,86,0.751561194067011,137.0
00680001,87,0.6462450437469504,132.0
00680001,88,0.6182293010688247,83.0
00680001,89,0.6182293010688247,83.0
00680001,90,0.6462450437469504,132.0
00680001,91,0.5510116308484995,87.0
00680001,92,0.5761202663612892,135.0
00680001,93,0.5761202663612892,135.0
00680001,94,0.751561194067011,137.0
00680001,95,0.6182293010688247,83.0
00680001,96,0.751561194067011,137.0
00680001,97,0.6462450437469504,132.0
00680001,98,0.751561194067011,137.0
00680001,99,0.751561194067011,137.0
00680001,mean,0.6314300235243481,
00320002,0,0.7447077814821926,143.0
00320002,1,0.7568640206893398,138.0
00320002,2,0.7339813578099615,136.0
00320002,3,0.7654850305558791,142.0
00320002,4,0.7289860532335622,141.0
00320002,5,0.7945603125765452,144.0
00320002,6,0.7460749915198401,142.0
00320002,7,0.7401747034763434,145.0
00320002,8,0.7048109872230761,143.0
00320002,9,0.7500797768805593,146.0
00320002,10,0.722708179382317,141.0
00320002,11,0.7447077814821926,143.0
00320002,12,0.7519225356504592,136.0
00320002,13,0.7289860532335622,141.0
00320002,14,0.6737862076228018,147.0
00320002,15,0.7311378183668328,141.0
00320002,16,0.7304840803881363,145.0
00320002,17,0.7401747034763434,145.0
00320002,18,0.7584783373114096,150.0
00320002,19,0.7524159297729819,144.0
00320002,20,0.7077118339437266,150.0
00320002,21,0.7651094868395725,142.0
00320002,22,0.7647963578393469,145.0
00320002,23,0.7304840803881363,145.0
00320002,24,0.7737963511080338,142.0
00320002,25,0.7225592817595924,139.0
00320002,26,0.7730737356413964,145.0
00320002,27,0.77072201834552,148.0
00320002,28,0.7547925843646432,149.0
00320002,29,0.7651094868395725,142.0
00320002,30,0.7345659812227829,147.0
00320002,31,0.7519225356504592,136.0
00320002,32,0.7158944480660665,135.0
00320002,33,0.7401747034763434,145.0
00320002,34,0.7315872386372358,145.0
00320002,35,0.7568640206893398,138.0
00320002,36,0.7225592817595924,139.0
00320002,37,0.7584783373114096,150.0
00320002,38,0.7568640206893398,138.0
00320002,39,0.7345659812227829,147.0
00320002,40,0.7584783373114096,150.0
00320002,41,0.7203862637101835,142.0
00320002,42,0.7311378183668328,141.0
00320002,43,0.7315872386372358,145.0
00320002,44,0.7077118339437266,150.0
00320002,45,0.7180467431889795,139.0
00320002,46,0.6950040022733696,142.0
00320002,47,0.7461666079733204,149.0
00320002,48,0.7691850305089964,143.0
00320002,49,0.7211265862564266,143.0
00320002,50,0.7647963578393469,145.0
00320002,51,0.7289860532335622,141.0
00320002,52,0.7547925843646432,149.0
00320002,53,0.7460749915198401,142.0
00320002,54,0.77072201834552,148.0
00320002,55,0.7651094868395725,142.0
00320002,56,0.7312650207266639,144.0
00320002,57,0.77072201834552,148.0
00320002,58,0.7500797768805593,146.0
00320002,59,0.7426923389466162,144.0
00320002,60,0.7647963578393469,145.0
00320002,61,0.7311378183668328,141.0
00320002,62,0.77072201834552,148.0
00320002,63,0.7447077814821926,143.0
00320002,64,0.7024114082234316,143.0
00320002,65,0.7755373405515731,146.0
00320002,66,0.722708179382317,141.0
00320002,67,0.7647963578393469,145.0
00320002,68,0.7519225356504592,136.0
00320002,69,0.7524159297729819,144.0
00320002,70,0.7203862637101835,142.0
00320002,71,0.7460749915198401,142.0
00320002,72,0.6737862076228018,147.0
00320002,73,0.7170137729537082,144.0
00320002,74,0.7311996397107725,149.0
00320002,75,0.7461666079733204,149.0
00320002,76,0.7345659812227829,147.0
00320002,77,0.7695583527202661,145.0
00320002,78,0.7075751010829802,145.0
00320002,79,0.7447077814821926,143.0
00320002,80,0.77072201834552,148.0
00320002,81,0.8240215908853331,146.0
00320002,82,0.7695583527202661,145.0
00320002,83,0.7304840803881363,145.0
00320002,84,0.6737862076228018,147.0
00320002,85,0.7203862637101835,142.0
00320002,86,0.7568640206893398,138.0
00320002,87,0.722708179382317,141.0
00320002,88,0.7584783373114096,150.0
00320002,89,0.6737862076228018,147.0
00320002,90,0.7203862637101835,142.0
00320002,91,0.7715391927061149,150.0
00320002,92,0.7447077814821926,143.0
00320002,93,0.6737862076228018,147.0
00320002,94,0.7945603125765452,144.0
00320002,95,0.7568640206893398,138.0
00320002,96,0.7170137729537082,144.0
00320002,97,0.7945603125765452,144.0
00320002,98,0.7289860532335622,141.0
00320002,99,0.7543621076050352,140.0
00320002,mean,0.7418598122842854,
00500001,0,0.8130806475519304,156.0
00500001,1,0.7869856717713891,153.0
00500001,2,0.835550228852588,155.0
00500001,3,0.7947529297831177,156.0
00500001,4,0.7894649270779994,152.0
00500001,5,0.8324009085458709,157.0
00500001,6,0.8070698257686132,152.0
00500001,7,0.8177991605891924,157.0
00500001,8,0.7985740374240853,153.0
00500001,9,0.8121245366711718,151.0
00500001,10,0.8198498342284884,152.0
00500001,11,0.7800463171380344,152.0
00500001,12,0.8290698950703468,156.0
00500001,13,0.8109283672498789,154.0
00500001,14,0.8351044966599562,155.0
00500001,15,0.813835298278938,153.0
00500001,16,0.8207672927177259,153.0
00500001,17,0.8250268113638084,156.0
00500001,18,0.8456809352237131,152.0
00500001,19,0.778622581705628,153.0
00500001,20,0.8135927052328848,153.0
00500001,21,0.8323533127917223,151.0
00500001,22,0.8307816855794253,152.0
00500001,23,0.8348984494134872,156.0
00500001,24,0.8285746928013255,157.0
00500001,25,0.8178216803961713,153.0
00500001,26,0.7806968678257954,153.0
00500001,27,0.7989252870374056,154.0
00500001,28,0.8146661762174717,156.0
00500001,29,0.8213923501994692,155.0
00500001,30,0.8079059721704155,157.0
00500001,31,0.8179490211198556,154.0
00500001,32,0.7768971808832758,151.0
00500001,33,0.8037627894193727,154.0
00500001,34,0.8220617139691612,154.0
00500001,35,0.8102233570901586,154.0
00500001,36,0.8101194233563738,157.0
00500001,37,0.7768155238894594,148.0
00500001,38,0.806361785917937,156.0
00500001,39,0.8437921761789169,156.0
00500001,40,0.814195707501878,154.0
00500001,41,0.8108045748436211,149.0
00500001,42,0.8319025444575948,154.0
00500001,43,0.8006711681018138,154.0
00500001,44,0.7936119664637984,156.0
00500001,45,0.8621574125512369,153.0
00500001,46,0.8108174685226796,156.0
00500001,47,0.8021637182163841,154.0
00500001,48,0.8274228487866307,153.0
00500001,49,0.8250647036744057,152.0
00500001,50,0.8302418537620164,150.0
00500001,51,0.8413796876099109,154.0
00500001,52,0.8346516421498671,153.0
00500001,53,0.8071181369273065,155.0
00500001,54,0.8102097677917871,153.0
00500001,55,0.8119336033686165,152.0
00500001,56,0.7953850760944187,155.0
00500001,57,0.828046012188767,153.0
00500001,58,0.8172692960703035,148.0
00500001,59,0.8264632661890545,154.0
00500001,60,0.8298991129556061,151.0
00500001,61,0.8071151675494611,156.0
00500001,62,0.8356339040646102,155.0
00500001,63,0.825673073503348,152.0
00500001,64,0.8161133197313565,150.0
00500001,65,0.8320158134394471,154.0
00500001,66,0.7787566362068911,153.0
00500001,67,0.8022249853670692,157.0
00500001,68,0.8265532757879982,155.0
00500001,69,0.8185585211451646,155.0
00500001,70,0.8096758205557059,156.0
00500001,71,0.7896326271587948,153.0
00500001,72,0.8073214249723065,150.0
00500001,73,0.8300547931589828,150.0
00500001,74,0.8285070124809889,155.0
00500001,75,0.7695210508501537,151.0
00500001,76,0.8076810310925346,153.0
00500001,77,0.8230765499374584,153.0
00500001,78,0.825494933040908,154.0
00500001,79,0.8297077927291701,157.0
00500001,80,0.7962003379473283,153.0
00500001,81,0.7826324943692259,153.0
00500001,82,0.821501517217992,155.0
00500001,83,0.7701531662774218,152.0
00500001,84,0.7833534241869813,149.0
00500001,85,0.8058244590561198,155.0
00500001,86,0.8033662905538174,156.0
00500001,87,0.8219021083785898,151.0
00500001,88,0.8180151461468333,153.0
00500001,89,0.819510300661163,151.0
00500001,90,0.7944394093630656,154.0
00500001,91,0.7982764480032831,153.0
00500001,92,0.7875307260307927,155.0
00500001,93,0.8359562206104796,152.0
00500001,94,0.8053206855109869,155.0
00500001,95,0.8219179388950599,155.0
00500001,96,0.8082821722346089,157.0
00500001,97,0.8209199901096336,153.0
00500001,98,0.7966439890433292,155.0
00500001,99,0.8215839801133029,154.0
00500001,mean,0.8128438496087262,
00400001,0,0.8526055975183771,151.0
00400001,1,0.8588288624043876,156.0
00400001,2,0.8491970780812379,156.0
00400001,3,0.8239107922079778,149.0
00400001,4,0.847804850917052,155.0
00400001,5,0.8192108029362256,158.0
00400001,6,0.8646432334895685,156.0
00400001,7,0.8832132094438726,156.0
00400001,8,0.8545357185085902,157.0
00400001,9,0.8557527836816476,158.0
00400001,10,0.7847285048518384,157.0
00400001,11,0.8845309595393751,154.0
00400001,12,0.8472120954524458,156.0
00400001,13,0.8463307350991763,152.0
00400001,14,0.8431767143008505,157.0
00400001,15,0.8449128251015275,150.0
00400001,16,0.8349279447107145,155.0
00400001,17,0.8617713038425718,155.0
00400001,18,0.8560000138384873,156.0
00400001,19,0.859577883193428,156.0
00400001,20,0.8397896278864048,157.0
00400001,21,0.8664979359478336,157.0
00400001,22,0.8371895901180421,158.0
00400001,23,0.8619135462660904,157.0
00400001,24,0.8567916157023003,156.0
00400001,25,0.8319207579007111,154.0
00400001,26,0.8602597705137377,156.0
00400001,27,0.8588972984310134,156.0
00400001,28,0.8475207481313141,156.0
00400001,29,0.847293071481433,154.0
00400001,30,0.8738742154919591,157.0
00400001,31,0.8478406141769137,156.0
00400001,32,0.8711103508620656,155.0
00400001,33,0.8381159561016955,158.0
00400001,34,0.8680388465874703,157.0
00400001,35,0.8818526116184862,156.0
00400001,36,0.8432807172909051,157.0
00400001,37,0.8369705701478074,158.0
00400001,38,0.8303789595138082,156.0
00400001,39,0.8472572082982082,156.0
00400001,40,0.8238811240399848,157.0
00400001,41,0.8567346271540422,156.0
00400001,42,0.8378108321314176,157.0
00400001,43,0.8415911323132527,156.0
00400001,44,0.8715409033090276,156.0
00400001,45,0.8675678293837322,156.0
00400001,46,0.8393228829057938,153.0
00400001,47,0.8439143510300907,156.0
00400001,48,0.8677720724797524,155.0
00400001,49,0.8355368896898806,155.0
00400001,50,0.8326024118666704,154.0
00400001,51,0.8472731918842001,155.0
00400001,52,0.8214023997089953,157.0
00400001,53,0.857099409178975,157.0
00400001,54,0.8622668675464448,157.0
00400001,55,0.8548786548790077,154.0
00400001,56,0.8259921644255488,158.0
00400001,57,0.871224466720478,157.0
00400001,58,0.856172474327184,157.0
00400001,59,0.8578965246375283,152.0
00400001,60,0.8799114610492117,157.0
00400001,61,0.8549847257156602,156.0
00400001,62,0.8645568906801641,157.0
00400001,63,0.8598437740535102,157.0
00400001,64,0.8212126916305811,155.0
00400001,65,0.8689844965269037,156.0
00400001,66,0.840368019649437,152.0
00400001,67,0.8550008782758027,156.0
00400001,68,0.819063714140789,158.0
00400001,69,0.8690248461191035,157.0
00400001,70,0.8492539380563893,156.0
00400001,71,0.8145895958675246,156.0
00400001,72,0.8723098263586303,153.0
00400001,73,0.8453516291636008,158.0
00400001,74,0.8482735877660696,155.0
00400001,75,0.8684893539119019,150.0
00400001,76,0.8370273411879602,157.0
00400001,77,0.861093386952145,157.0
00400001,78,0.8767741131632748,156.0
00400001,79,0.8290859479131524,155.0
00400001,80,0.8333046089920781,154.0
00400001,81,0.8345542949563339,151.0
00400001,82,0.8072311461937137,156.0
00400001,83,0.834717786224338,156.0
00400001,84,0.8628157793842908,157.0
00400001,85,0.8784538767917648,153.0
00400001,86,0.8150772791179234,158.0
00400001,87,0.8600017818852289,157.0
00400001,88,0.8359415296705104,156.0
00400001,89,0.8297828352385228,155.0
00400001,90,0.8556879468240652,155.0
00400001,91,0.8343855648298235,158.0
00400001,92,0.8583464375345791,155.0
00400001,93,0.8561882501873601,154.0
00400001,94,0.8476401352026601,158.0
00400001,95,0.8446377089638188,157.0
00400001,96,0.8256738123066587,157.0
00400001,97,0.8626840257200152,158.0
00400001,98,0.8632110951783397,154.0
00400001,99,0.8618250411165909,158.0
00400001,mean,0.8492950828569998,
00430001,0,0.7788741355282441,149.0
00430001,1,0.8185630804548082,151.0
00430001,2,0.7969629139162362,152.0
00430001,3,0.7843554952189712,151.0
00430001,4,0.8204980953317916,152.0
00430001,5,0.8063290413260382,151.0
00430001,6,0.8019720000119769,155.0
00430001,7,0.8295383632187054,154.0
00430001,8,0.7728558647320182,153.0
00430001,9,0.8025030363820368,152.0
00430001,10,0.7934497849189293,151.0
00430001,11,0.8330531247428883,150.0
00430001,12,0.8350734353556901,153.0
00430001,13,0.7752507684158919,147.0
00430001,14,0.8157705362852781,153.0
00430001,15,0.7947903762195628,153.0
00430001,16,0.8030808974285263,149.0
00430001,17,0.8213837865237135,152.0
00430001,18,0.8038368443982544,151.0
00430001,19,0.8432790641695493,150.0
00430001,20,0.803394707883402,150.0
00430001,21,0.8250949769364211,154.0
00430001,22,0.7835694623488592,151.0
00430001,23,0.8068554702477341,152.0
00430001,24,0.8183174908626577,146.0
00430001,25,0.8252603746762831,150.0
00430001,26,0.8143505575717072,153.0
00430001,27,0.8494155267292924,152.0
00430001,28,0.7922694271260646,152.0
00430001,29,0.8207840302901666,152.0
00430001,30,0.8551719171585748,154.0
00430001,31,0.7755447178152001,151.0
00430001,32,0.8004236308331868,150.0
00430001,33,0.8073858638775226,152.0
00430001,34,0.8235203808710769,152.0
00430001,35,0.8130363322739785,150.0
00430001,36,0.8352687758756694,150.0
00430001,37,0.7919394195159918,151.0
00430001,38,0.8159310414021915,152.0
00430001,39,0.8061390521282126,150.0
00430001,40,0.8087462627082658,151.0
00430001,41,0.8185630804548082,151.0
00430001,42,0.8074327618171808,150.0
00430001,43,0.7738996276877769,151.0
00430001,44,0.8093860104782586,153.0
00430001,45,0.8267725178824756,150.0
00430001,46,0.8433182415069699,150.0
00430001,47,0.8005268414474876,149.0
00430001,48,0.8065893727039649,153.0
00430001,49,0.8215705531963845,151.0
00430001,50,0.7631961532708902,151.0
00430001,51,0.811331544457735,151.0
00430001,52,0.8135916715533864,151.0
00430001,53,0.7994947494086068,150.0
00430001,54,0.8160130281250338,151.0
00430001,55,0.8380941192155108,153.0
00430001,56,0.8360225883524218,153.0
00430001,57,0.8465456567707255,154.0
00430001,58,0.8214584381231324,152.0
00430001,59,0.8141322501044481,152.0
00430001,60,0.8392004382956186,151.0
00430001,61,0.8071684065687678,151.0
00430001,62,0.8165623580776364,151.0
00430001,63,0.7695475956906516,150.0
00430001,64,0.8384036163809248,152.0
00430001,65,0.8235115174722257,152.0
00430001,66,0.805957168318808,152.0
00430001,67,0.7854431430397542,152.0
00430001,68,0.7995639696233395,152.0
00430001,69,0.8165751142495273,151.0
00430001,70,0.800488862371313,149.0
00430001,71,0.817007489793251,151.0
00430001,72,0.8176775390197739,150.0
00430001,73,0.8207462560033563,153.0
00430001,74,0.8092973209536797,150.0
00430001,75,0.781045367895805,149.0
00430001,76,0.8128570274838627,152.0
00430001,77,0.8312325824217455,151.0
00430001,78,0.8081895752691309,155.0
00430001,79,0.7751422896587155,149.0
00430001,80,0.809965592590527,150.0
00430001,81,0.799810381665836,147.0
00430001,82,0.8237046990471557,152.0
00430001,83,0.8505238010952146,153.0
00430001,84,0.838531742750115,151.0
00430001,85,0.8133754699830932,151.0
00430001,86,0.7912047008542504,147.0
00430001,87,0.7913380911627512,150.0
00430001,88,0.8121921654241591,152.0
00430001,89,0.8060426256051627,151.0
00430001,90,0.7966523362526288,146.0
00430001,91,0.7710836320471964,151.0
00430001,92,0.7881291326007447,150.0
00430001,93,0.8079414429696024,155.0
00430001,94,0.8324262009278537,154.0
00430001,95,0.8275488114145858,149.0
00430001,96,0.81085545063894,150.0
00430001,97,0.8321873610296442,151.0
00430001,98,0.7988757480026905,150.0
00430001,99,0.7687990834925263,151.0
00430001,mean,0.8101858537841131,
00560001,0,0.8021850706743183,152.0
00560001,1,0.7545254665501177,150.0
00560001,2,0.7858226187421153,154.0
00560001,3,0.8079678752909637,156.0
00560001,4,0.7913421302868336,151.0
00560001,5,0.7864061231485203,153.0
00560001,6,0.7651550626350083,145.0
00560001,7,0.7913421302868336,151.0
00560001,8,0.7749249768294251,151.0
00560001,9,0.8015445364069583,153.0
00560001,10,0.7595027213474153,146.0
00560001,11,0.7920719335728548,153.0
00560001,12,0.7736865014793345,150.0
00560001,13,0.7730906998335636,151.0
00560001,14,0.7387770177738529,153.0
00560001,15,0.7794872360380685,157.0
00560001,16,0.7569477193612928,150.0
00560001,17,0.8397325576701522,151.0
00560001,18,0.8224281033980507,155.0
00560001,19,0.8169510706395093,157.0
00560001,20,0.8034494817187846,149.0
00560001,21,0.7522583119101333,154.0
00560001,22,0.8132275734693942,149.0
00560001,23,0.7657371328796985,148.0
00560001,24,0.8111597174928699,148.0
00560001,25,0.8130289559215834,150.0
00560001,26,0.8042349489881975,155.0
00560001,27,0.7921297455514439,153.0
00560001,28,0.8077747948974427,152.0
00560001,29,0.7424859196502812,153.0
00560001,30,0.8081761390574144,153.0
00560001,31,0.7892694170354584,149.0
00560001,32,0.8074935423123276,152.0
00560001,33,0.8059802106976518,156.0
00560001,34,0.7831217190200708,156.0
00560001,35,0.7520420987916059,147.0
00560001,36,0.7753774006089652,152.0
00560001,37,0.7998179741721583,154.0
00560001,38,0.8033668608756761,155.0
00560001,39,0.7845813464637064,154.0
00560001,40,0.8194230005989241,146.0
00560001,41,0.7621511699291385,147.0
00560001,42,0.7968502240187505,156.0
00560001,43,0.7982306205395134,155.0
00560001,44,0.8015445364069583,153.0
00560001,45,0.8059885298629048,151.0
00560001,46,0.7939733728712921,151.0
00560001,47,0.7946632700457904,149.0
00560001,48,0.7833354624339319,151.0
00560001,49,0.7872597302061224,153.0
00560001,50,0.7370567285720844,154.0
00560001,51,0.7939468672884131,153.0
00560001,52,0.7921297455514439,153.0
00560001,53,0.7851824570328032,149.0
00560001,54,0.8157420441885728,155.0
00560001,55,0.7847859308419114,155.0
00560001,56,0.8069893890817518,155.0
00560001,57,0.8112136642269208,156.0
00560001,58,0.7588046536909848,154.0
00560001,59,0.7545254665501177,150.0
00560001,60,0.8060419090038645,154.0
00560001,61,0.7668107328885341,145.0
00560001,62,0.7894192157640163,153.0
00560001,63,0.7872597302061224,153.0
00560001,64,0.8000739739365271,156.0
00560001,65,0.756125097977792,153.0
00560001,66,0.7858412354929007,152.0
00560001,67,0.7496794442140357,150.0
00560001,68,0.8034270287561546,147.0
00560001,69,0.7852385080498979,156.0
00560001,70,0.7756086571079964,157.0
00560001,71,0.8102278402766726,155.0
00560001,72,0.7513738714637987,146.0
00560001,73,0.818279908736206,150.0
00560001,74,0.767622864033732,148.0
00560001,75,0.8067460422129391,149.0
00560001,76,0.7442049687235117,149.0
00560001,77,0.7486433821652954,139.0
00560001,78,0.7694637554526766,155.0
00560001,79,0.7985434767472378,150.0
00560001,80,0.7561847400399182,153.0
00560001,81,0.7827302406492137,152.0
00560001,82,0.7588046536909848,154.0
00560001,83,0.8075363712482836,150.0
00560001,84,0.8074996429236605,150.0
00560001,85,0.8207116374881483,153.0
00560001,86,0.7803790310939607,149.0
00560001,87,0.8104544204875438,151.0
00560001,88,0.8262989382555435,150.0
00560001,89,0.8034270287561546,147.0
00560001,90,0.8289008487526773,153.0
00560001,91,0.7786315762533311,154.0
00560001,92,0.7713810072991659,154.0
00560001,93,0.8156085182923991,151.0
00560001,94,0.8052623246095568,152.0
00560001,95,0.7569353786585795,153.0
00560001,96,0.8067106384804809,147.0
00560001,97,0.773890542326462,156.0
00560001,98,0.8042349489881975,155.0
00560001,99,0.8126028568629832,153.0
00560001,mean,0.7884121869578553,
00370001,0,0.7681352589528267,150.0
00370001,1,0.765849698604464,152.0
00370001,2,0.7564007202884541,148.0
00370001,3,0.7852074619410401,152.0
00370001,4,0.795707349210932,149.0
00370001,5,0.7834623994248479,148.0
00370001,6,0.742211882463569,150.0
00370001,7,0.7780341246042711,149.0
00370001,8,0.759854257951553,152.0
00370001,9,0.7508525283733234,150.0
00370001,10,0.757834588034821,150.0
00370001,11,0.7771227699281945,151.0
00370001,12,0.7773182792293118,147.0
00370001,13,0.7494066303118944,149.0
00370001,14,0.7633661556285056,149.0
00370001,15,0.7573048003271617,147.0
00370001,16,0.7981812711852795,150.0
00370001,17,0.755865126672245,152.0
00370001,18,0.7472322058468295,150.0
00370001,19,0.7562249533489457,149.0
00370001,20,0.7564944786390108,150.0
00370001,21,0.7675552879920661,153.0
00370001,22,0.7780341246042711,149.0
00370001,23,0.7933250298914689,150.0
00370001,24,0.7704739090360507,151.0
00370001,25,0.7720114437954163,150.0
00370001,26,0.7131965915506866,151.0
00370001,27,0.740696487548823,149.0
00370001,28,0.7620363646933511,148.0
00370001,29,0.7508525283733234,150.0
00370001,30,0.7564007202884541,148.0
00370001,31,0.7452661712049784,148.0
00370001,32,0.7453431786965725,149.0
00370001,33,0.7578182820779779,151.0
00370001,34,0.8065249833702963,152.0
00370001,35,0.7574692995819144,149.0
00370001,36,0.7370817633673583,151.0
00370001,37,0.7552477252202038,149.0
00370001,38,0.762261280225969,152.0
00370001,39,0.7493712705796791,149.0
00370001,40,0.762261280225969,152.0
00370001,41,0.7222404635975217,147.0
00370001,42,0.7574704321073163,150.0
00370001,43,0.7576371627881557,146.0
00370001,44,0.7612512757335388,152.0
00370001,45,0.7620363646933511,148.0
00370001,46,0.7930846118854274,153.0
00370001,47,0.7518754009751832,151.0
00370001,48,0.7663226244495598,151.0
00370001,49,0.7509912200463551,151.0
00370001,50,0.7414850485326273,152.0
00370001,51,0.7518754009751832,151.0
00370001,52,0.7390776826304403,148.0
00370001,53,0.7704739090360507,151.0
00370001,54,0.7569517145753617,147.0
00370001,55,0.7652595824459549,150.0
00370001,56,0.7787549382914158,151.0
00370001,57,0.7131965915506866,151.0
00370001,58,0.7453988486426728,154.0
00370001,59,0.7302774406360859,149.0
00370001,60,0.7910010340972664,151.0
00370001,61,0.7343383758429965,149.0
00370001,62,0.7648169885918591,148.0
00370001,63,0.757834588034821,150.0
00370001,64,0.7789166273335509,152.0
00370001,65,0.7633433504802242,151.0
00370001,66,0.7706728753750535,150.0
00370001,67,0.7602257841955312,150.0
00370001,68,0.7612512757335388,152.0
00370001,69,0.7790526383810249,151.0
00370001,70,0.7147469532673114,151.0
00370001,71,0.7899877253427259,149.0
00370001,72,0.7494066303118944,149.0
00370001,73,0.7193331216523705,149.0
00370001,74,0.770948558790647,149.0
00370001,75,0.7370817633673583,151.0
00370001,76,0.7933250298914689,150.0
00370001,77,0.7743890856031945,150.0
00370001,78,0.7603996987017247,151.0
00370001,79,0.7490530402481179,147.0
00370001,80,0.7797369662065058,151.0
00370001,81,0.7624911936988501,152.0
00370001,82,0.7295300958018198,147.0
00370001,83,0.7774822864666885,152.0
00370001,84,0.7794810226726463,152.0
00370001,85,0.7626331213019798,150.0
00370001,86,0.7458787844023577,152.0
00370001,87,0.7711839099675881,148.0
00370001,88,0.7652158979331514,146.0
00370001,89,0.7705490758327893,150.0
00370001,90,0.7360766892390432,148.0
00370001,91,0.787081700027092,151.0
00370001,92,0.7888297025309915,151.0
00370001,93,0.7586889638457861,148.0
00370001,94,0.7718750406917737,150.0
00370001,95,0.7564944786390108,150.0
00370001,96,0.7106825451848973,150.0
00370001,97,0.7771315602597416,153.0
00370001,98,0.7399462975785499,152.0
00370001,99,0.7757046924900158,148.0
00370001,mean,0.7604777454689916,
00400003,0,0.8180020535251278,147.0
00400003,1,0.8290875110185565,147.0
00400003,2,0.8347784485527743,151.0
00400003,3,0.7757229472219697,148.0
00400003,4,0.8075713623236395,149.0
00400003,5,0.8284717358987016,148.0
00400003,6,0.8022069047281413,149.0
00400003,7,0.8218458305879925,149.0
00400003,8,0.8332070864885246,147.0
00400003,9,0.8300955659223523,151.0
00400003,10,0.8576940988933063,150.0
00400003,11,0.7907526201628166,150.0
00400003,12,0.8312681794100856,151.0
00400003,13,0.8126956245617466,149.0
00400003,14,0.8238519279307954,151.0
00400003,15,0.8051228231183788,149.0
00400003,16,0.8052753667949508,149.0
00400003,17,0.8369308807789921,151.0
00400003,18,0.8167634745390956,150.0
00400003,19,0.8106007402818032,148.0
00400003,20,0.8089123004449534,150.0
00400003,21,0.7918531660526267,151.0
00400003,22,0.8034890098031997,150.0
00400003,23,0.8265148035454788,147.0
00400003,24,0.8475138670120881,149.0
00400003,25,0.8032394848457954,149.0
00400003,26,0.8048784326753081,150.0
00400003,27,0.8075552311174273,146.0
00400003,28,0.8186327319667408,148.0
00400003,29,0.8010728980558752,151.0
00400003,30,0.807849829782883,150.0
00400003,31,0.8282924545690914,146.0
00400003,32,0.7948910193048778,147.0
00400003,33,0.7946138983825793,150.0
00400003,34,0.8055712269306092,149.0
00400003,35,0.814392580080535,148.0
00400003,36,0.8048784326753081,150.0
00400003,37,0.8066608621443218,148.0
00400003,38,0.7999175185010675,149.0
00400003,39,0.830994736539633,148.0
00400003,40,0.8115247364476909,150.0
00400003,41,0.8109310277992101,148.0
00400003,42,0.831421892847573,148.0
00400003,43,0.8146297903828957,150.0
00400003,44,0.7895030957485286,148.0
00400003,45,0.7963876189098644,151.0
00400003,46,0.817638711993101,149.0
00400003,47,0.8321063871166797,148.0
00400003,48,0.7672639573142593,145.0
00400003,49,0.8075696033786679,150.0
00400003,50,0.8329588659958402,148.0
00400003,51,0.8022636412812685,148.0
00400003,52,0.7923498944942288,150.0
00400003,53,0.8020680789051315,149.0
00400003,54,0.8158084866879847,150.0
00400003,55,0.8077297911133537,150.0
00400003,56,0.7999896290432104,149.0
00400003,57,0.7983122453139435,151.0
00400003,58,0.8249411859893595,149.0
00400003,59,0.8232750160885156,149.0
00400003,60,0.8462510925277252,148.0
00400003,61,0.8265720442953188,151.0
00400003,62,0.8268883976771629,146.0
00400003,63,0.8150531165244648,149.0
00400003,64,0.8404523352298114,151.0
00400003,65,0.7930650259483043,147.0
00400003,66,0.8116147263835298,149.0
00400003,67,0.7791794574137345,149.0
00400003,68,0.8404523352298114,151.0
00400003,69,0.7955678778615055,148.0
00400003,70,0.7988369241155875,150.0
00400003,71,0.78518145373805,151.0
00400003,72,0.8100709290811122,150.0
00400003,73,0.8181420654468338,148.0
00400003,74,0.7831132416662351,148.0
00400003,75,0.804483145903874,149.0
00400003,76,0.7886869390169583,151.0
00400003,77,0.7894757551199937,151.0
00400003,78,0.785233994746832,149.0
00400003,79,0.8335065311329077,148.0
00400003,80,0.8255349926603496,148.0
00400003,81,0.8099042926360368,149.0
00400003,82,0.7996913316835529,147.0
00400003,83,0.8268883976771629,146.0
00400003,84,0.8282159930783967,149.0
00400003,85,0.8149631488202176,152.0
00400003,86,0.8204269741007691,148.0
00400003,87,0.805024502474308,147.0
00400003,88,0.8196504544889776,147.0
00400003,89,0.8321384063088234,147.0
00400003,90,0.795161961487201,150.0
00400003,91,0.8188119549913263,150.0
00400003,92,0.8207387723588663,149.0
00400003,93,0.8292721471468261,151.0
00400003,94,0.8076553633308217,148.0
00400003,95,0.8073781552401227,150.0
00400003,96,0.8070702338614767,149.0
00400003,97,0.7850044136953409,149.0
00400003,98,0.8045171326370187,148.0
00400003,99,0.8041333919445305,149.0
00400003,mean,0.8118635273370335,
00510001,0,0.7772235721891795,137.0
00510001,1,0.7763395636747753,135.0
00510001,2,0.7508396040586566,142.0
00510001,3,0.7679638328438474,143.0
00510001,4,0.7686368454657988,144.0
00510001,5,0.7753591521397648,146.0
00510001,6,0.8248308020999604,139.0
00510001,7,0.8109068926269714,133.0
00510001,8,0.7495428869445635,143.0
00510001,9,0.7665834300630132,143.0
00510001,10,0.7706444727123418,145.0
00510001,11,0.7335109374748804,143.0
00510001,12,0.7729705840480535,140.0
00510001,13,0.7931345008187329,143.0
00510001,14,0.7233353304637669,139.0
00510001,15,0.7763395636747753,135.0
00510001,16,0.7475309415058846,145.0
00510001,17,0.8133085013500817,144.0
00510001,18,0.7706444727123418,145.0
00510001,19,0.7667092171259711,144.0
00510001,20,0.7999674776440697,145.0
00510001,21,0.7475309415058846,145.0
00510001,22,0.745263843103834,140.0
00510001,23,0.7835078289281454,146.0
00510001,24,0.8133085013500817,144.0
00510001,25,0.705955055889289,140.0
00510001,26,0.8109068926269714,133.0
00510001,27,0.7706444727123418,145.0
00510001,28,0.7865579695053428,135.0
00510001,29,0.7875747420535351,135.0
00510001,30,0.8248308020999604,139.0
00510001,31,0.7706444727123418,145.0
00510001,32,0.7495428869445635,143.0
00510001,33,0.7763395636747753,135.0
00510001,34,0.7233353304637669,139.0
00510001,35,0.7793246396707398,146.0
00510001,36,0.7233353304637669,139.0
00510001,37,0.7332324862315638,143.0
00510001,38,0.7812133017659353,139.0
00510001,39,0.7619124094419973,143.0
00510001,40,0.7575666915427317,146.0
00510001,41,0.7508396040586566,142.0
00510001,42,0.7808095618039137,144.0
00510001,43,0.7977424819039841,133.0
00510001,44,0.7613904743768138,141.0
00510001,45,0.7835078289281454,146.0
00510001,46,0.7407576197429838,144.0
00510001,47,0.7233353304637669,139.0
00510001,48,0.7254901926410673,145.0
00510001,49,0.7592741767717733,140.0
00510001,50,0.7706444727123418,145.0
00510001,51,0.7753591521397648,146.0
00510001,52,0.7456794919561635,145.0
00510001,53,0.7508396040586566,142.0
00510001,54,0.745263843103834,140.0
00510001,55,0.745263843103834,140.0
00510001,56,0.7335109374748804,143.0
00510001,57,0.7575666915427317,146.0
00510001,58,0.7871973169950686,143.0
00510001,59,0.7706444727123418,145.0
00510001,60,0.746713308349101,146.0
00510001,61,0.7684765356082494,145.0
00510001,62,0.7619124094419973,143.0
00510001,63,0.7871973169950686,143.0
00510001,64,0.7931345008187329,143.0
00510001,65,0.7865579695053428,135.0
00510001,66,0.771898672943503,143.0
00510001,67,0.7696904467561683,143.0
00510001,68,0.745263843103834,140.0
00510001,69,0.7729705840480535,140.0
00510001,70,0.7686368454657988,144.0
00510001,71,0.7723290115450044,130.0
00510001,72,0.746713308349101,146.0
00510001,73,0.7753591521397648,146.0
00510001,74,0.7673469263308982,144.0
00510001,75,0.7800750799202054,144.0
00510001,76,0.7233353304637669,139.0
00510001,77,0.8133085013500817,144.0
00510001,78,0.7673469263308982,144.0
00510001,79,0.8109068926269714,133.0
00510001,80,0.7999674776440697,145.0
00510001,81,0.745263843103834,140.0
00510001,82,0.7835078289281454,146.0
00510001,83,0.7456794919561635,145.0
00510001,84,0.7456794919561635,145.0
00510001,85,0.7667092171259711,144.0
00510001,86,0.7254901926410673,145.0
00510001,87,0.7686368454657988,144.0
00510001,88,0.771898672943503,143.0
00510001,89,0.8109068926269714,133.0
00510001,90,0.7684765356082494,145.0
00510001,91,0.7723290115450044,130.0
00510001,92,0.7835078289281454,146.0
00510001,93,0.7686368454657988,144.0
00510001,94,0.7525998190610521,145.0
00510001,95,0.7686368454657988,144.0
00510001,96,0.7332324862315638,143.0
00510001,97,0.7592741767717733,140.0
00510001,98,0.8248308020999604,139.0
00510001,99,0.7475309415058846,145.0
00510001,mean,0.7674593664998318,
00420001,0,0.6977931797105025,145.0
00420001,1,0.7903870732061451,145.0
00420001,2,0.8230140632872937,149.0
00420001,3,0.6213577197324556,145.0
00420001,4,0.7612559778831127,143.0
00420001,5,0.6748284269118224,144.0
00420001,6,0.813447805720613,147.0
00420001,7,0.7729772944402732,145.0
00420001,8,0.7761851056958422,142.0
00420001,9,0.8230140632872937,149.0
00420001,10,0.7761851056958422,142.0
00420001,11,0.6944781477439546,135.0
00420001,12,0.7761851056958422,142.0
00420001,13,0.7739988425047089,137.0
00420001,14,0.7321286969160039,148.0
00420001,15,0.8435546481301387,153.0
00420001,16,0.8021750368582898,148.0
00420001,17,0.6944781477439546,135.0
00420001,18,0.8124446166200012,152.0
00420001,19,0.8026664732357918,145.0
00420001,20,0.7321286969160039,148.0
00420001,21,0.7914038210012688,141.0
00420001,22,0.8124446166200012,152.0
00420001,23,0.6748284269118224,144.0
00420001,24,0.6944781477439546,135.0
00420001,25,0.6944781477439546,135.0
00420001,26,0.7739988425047089,137.0
00420001,27,0.75767811533027,133.0
00420001,28,0.8061376350802585,149.0
00420001,29,0.7321286969160039,148.0
00420001,30,0.8221494672047034,148.0
00420001,31,0.8042336766930903,143.0
00420001,32,0.8102751840526182,147.0
00420001,33,0.7184517656686498,150.0
00420001,34,0.7920985744658401,139.0
00420001,35,0.7914038210012688,141.0
00420001,36,0.8021750368582898,148.0
00420001,37,0.8435546481301387,153.0
00420001,38,0.7616188942486012,149.0
00420001,39,0.805799804595163,153.0
00420001,40,0.8000934753064922,153.0
00420001,41,0.7903870732061451,145.0
00420001,42,0.8199825243465365,146.0
00420001,43,0.7903870732061451,145.0
00420001,44,0.8230140632872937,149.0
00420001,45,0.8456293385454665,153.0
00420001,46,0.7321286969160039,148.0
00420001,47,0.8105920576435394,149.0
00420001,48,0.8199825243465365,146.0
00420001,49,0.6622285301306239,137.0
00420001,50,0.7761851056958422,142.0
00420001,51,0.6622285301306239,137.0
00420001,52,0.8105920576435394,149.0
00420001,53,0.8262257210100704,150.0
00420001,54,0.7616188942486012,149.0
00420001,55,0.6622285301306239,137.0
00420001,56,0.7920985744658401,139.0
00420001,57,0.7612559778831127,143.0
00420001,58,0.7671094894623426,146.0
00420001,59,0.75767811533027,133.0
00420001,60,0.8199825243465365,146.0
00420001,61,0.7729772944402732,145.0
00420001,62,0.8199825243465365,146.0
00420001,63,0.8230140632872937,149.0
00420001,64,0.7879101267365627,153.0
00420001,65,0.8456293385454665,153.0
00420001,66,0.6394861153621298,124.0
00420001,67,0.8323382576884932,152.0
00420001,68,0.7761851056958422,142.0
00420001,69,0.7321286969160039,148.0
00420001,70,0.6908156059602188,121.0
00420001,71,0.7729772944402732,145.0
00420001,72,0.805799804595163,153.0
00420001,73,0.7184517656686498,150.0
00420001,74,0.8262257210100704,150.0
00420001,75,0.7321286969160039,148.0
00420001,76,0.6944781477439546,135.0
00420001,77,0.7644459115165467,146.0
00420001,78,0.7671094894623426,146.0
00420001,79,0.8262257210100704,150.0
00420001,80,0.8221494672047034,148.0
00420001,81,0.6748284269118224,144.0
00420001,82,0.7612559778831127,143.0
00420001,83,0.7993582513198682,150.0
00420001,84,0.7612559778831127,143.0
00420001,85,0.6622285301306239,137.0
00420001,86,0.7644459115165467,146.0
00420001,87,0.6394861153621298,124.0
00420001,88,0.6748284269118224,144.0
00420001,89,0.6394861153621298,124.0
00420001,90,0.8262257210100704,150.0
00420001,91,0.7903870732061451,145.0
00420001,92,0.6977931797105025,145.0
00420001,93,0.6944781477439546,135.0
00420001,94,0.7671094894623426,146.0
00420001,95,0.7622292099006025,146.0
00420001,96,0.7871284176395809,147.0
00420001,97,0.7914038210012688,141.0
00420001,98,0.813447805720613,147.0
00420001,99,0.7739988425047089,137.0
00420001,mean,0.7650748501771624,
00510002,0,0.8253666636174047,156.0
00510002,1,0.8842187836842553,152.0
00510002,2,0.8417512351877094,155.0
00510002,3,0.8668283413010939,154.0
00510002,4,0.8246919045405995,154.0
00510002,5,0.8324204163681438,155.0
00510002,6,0.8670953998089422,154.0
00510002,7,0.8246919045405995,154.0
00510002,8,0.8458870761903876,155.0
00510002,9,0.8457938101183933,154.0
00510002,10,0.8324204163681438,155.0
00510002,11,0.8457938101183933,154.0
00510002,12,0.8593887126739688,156.0
00510002,13,0.8469791831733748,156.0
00510002,14,0.8532064539340921,156.0
00510002,15,0.8481069336299186,155.0
00510002,16,0.8345118566989878,154.0
00510002,17,0.8668283413010939,154.0
00510002,18,0.8842187836842553,152.0
00510002,19,0.8359672246995571,153.0
00510002,20,0.8457938101183933,154.0
00510002,21,0.8338183256086608,155.0
00510002,22,0.8457938101183933,154.0
00510002,23,0.8664056119820039,154.0
00510002,24,0.8324204163681438,155.0
00510002,25,0.8301681334661123,154.0
00510002,26,0.8415468281028513,154.0
00510002,27,0.8369805934773404,153.0
00510002,28,0.8532064539340921,156.0
00510002,29,0.8593887126739688,156.0
00510002,30,0.8532064539340921,156.0
00510002,31,0.8219464024681704,154.0
00510002,32,0.8654443328870947,155.0
00510002,33,0.8219464024681704,154.0
00510002,34,0.8532064539340921,156.0
00510002,35,0.8632501859168762,154.0
00510002,36,0.8679083818031448,155.0
00510002,37,0.8421668471259891,156.0
00510002,38,0.8219464024681704,154.0
00510002,39,0.8457938101183933,154.0
00510002,40,0.8654443328870947,155.0
00510002,41,0.8469791831733748,156.0
00510002,42,0.8654443328870947,155.0
00510002,43,0.8431661909496929,154.0
00510002,44,0.8469791831733748,156.0
00510002,45,0.856821958461573,154.0
00510002,46,0.8481069336299186,155.0
00510002,47,0.8417512351877094,155.0
00510002,48,0.8338183256086608,155.0
00510002,49,0.8577728923203877,153.0
00510002,50,0.8415468281028513,154.0
00510002,51,0.8359672246995571,153.0
00510002,52,0.8605817567163915,155.0
00510002,53,0.8679083818031448,155.0
00510002,54,0.8668283413010939,154.0
00510002,55,0.8417512351877094,155.0
00510002,56,0.8237561531758285,156.0
00510002,57,0.8664056119820039,154.0
00510002,58,0.8237561531758285,156.0
00510002,59,0.8674808847189508,153.0
00510002,60,0.8417512351877094,155.0
00510002,61,0.8573004880501848,156.0
00510002,62,0.8593887126739688,156.0
00510002,63,0.8457938101183933,154.0
00510002,64,0.8359672246995571,153.0
00510002,65,0.8469791831733748,156.0
00510002,66,0.8431661909496929,154.0
00510002,67,0.8313858370085231,155.0
00510002,68,0.8668283413010939,154.0
00510002,69,0.8345118566989878,154.0
00510002,70,0.840914654551311,155.0
00510002,71,0.8313858370085231,155.0
00510002,72,0.856821958461573,154.0
00510002,73,0.8458870761903876,155.0
00510002,74,0.8457938101183933,154.0
00510002,75,0.8237561531758285,156.0
00510002,76,0.8481069336299186,155.0
00510002,77,0.8313858370085231,155.0
00510002,78,0.8674808847189508,153.0
00510002,79,0.8469791831733748,156.0
00510002,80,0.8313858370085231,155.0
00510002,81,0.8417512351877094,155.0
00510002,82,0.840914654551311,155.0
00510002,83,0.8668283413010939,154.0
00510002,84,0.8842187836842553,152.0
00510002,85,0.8679083818031448,155.0
00510002,86,0.8219464024681704,154.0
00510002,87,0.8219464024681704,154.0
00510002,88,0.856821958461573,154.0
00510002,89,0.8469791831733748,156.0
00510002,90,0.8301681334661123,154.0
00510002,91,0.8369805934773404,153.0
00510002,92,0.8237561531758285,156.0
00510002,93,0.840914654551311,155.0
00510002,94,0.8397839901765174,155.0
00510002,95,0.856821958461573,154.0
00510002,96,0.8338183256086608,155.0
00510002,97,0.856821958461573,154.0
00510002,98,0.8415468281028513,154.0
00510002,99,0.856821958461573,154.0
00510002,mean,0.8467049370170463,
00240001,0,0.8185910868459519,147.0
00240001,1,0.8020856393512953,149.0
00240001,2,0.7970993602096722,149.0
00240001,3,0.7906139987848251,150.0
00240001,4,0.7864910866752285,152.0
00240001,5,0.8310785149147796,149.0
00240001,6,0.8230397802652822,151.0
00240001,7,0.7953374792166527,153.0
00240001,8,0.8336994292432189,149.0
00240001,9,0.8080296113257228,149.0
00240001,10,0.7779855251690581,151.0
00240001,11,0.7688731822455067,152.0
00240001,12,0.7900308946233296,148.0
00240001,13,0.8303490988418837,152.0
00240001,14,0.8259143781476591,147.0
00240001,15,0.8379539622933129,151.0
00240001,16,0.8061362097448025,150.0
00240001,17,0.8108184044025633,153.0
00240001,18,0.8126482121913906,148.0
00240001,19,0.834020278378884,152.0
00240001,20,0.8406313199239857,147.0
00240001,21,0.8306537499073291,150.0
00240001,22,0.8360981085761217,149.0
00240001,23,0.7970192498840863,151.0
00240001,24,0.8044519404188621,147.0
00240001,25,0.8002589493563781,150.0
00240001,26,0.784254802217341,147.0
00240001,27,0.7834923435349239,151.0
00240001,28,0.7557162465868443,151.0
00240001,29,0.7864972935846657,154.0
00240001,30,0.7814189191522389,149.0
00240001,31,0.7869352169825389,149.0
00240001,32,0.8116522224145089,149.0
00240001,33,0.8568283354688946,152.0
00240001,34,0.814948035315935,150.0
00240001,35,0.8158509244366758,152.0
00240001,36,0.7405003848261217,152.0
00240001,37,0.8317911135516385,151.0
00240001,38,0.777306587840618,151.0
00240001,39,0.7872740101619322,149.0
00240001,40,0.7878162733502448,150.0
00240001,41,0.7847532968018652,153.0
00240001,42,0.7688315630374745,152.0
00240001,43,0.8324999794607959,147.0
00240001,44,0.7855677045135377,151.0
00240001,45,0.759772921928008,152.0
00240001,46,0.7872207885428493,152.0
00240001,47,0.8142358308592027,151.0
00240001,48,0.8213752245172027,150.0
00240001,49,0.7965317701045448,152.0
00240001,50,0.8239196149779431,146.0
00240001,51,0.791014571334175,151.0
00240001,52,0.756518256454959,152.0
00240001,53,0.803312629230476,150.0
00240001,54,0.8295110447332111,147.0
00240001,55,0.8124110578513223,151.0
00240001,56,0.7914073597559803,148.0
00240001,57,0.8074804539907466,150.0
00240001,58,0.7892054143643821,150.0
00240001,59,0.8224380436166072,151.0
00240001,60,0.7830487656648859,149.0
00240001,61,0.8032231108205741,147.0
00240001,62,0.816653437575275,146.0
00240001,63,0.7800927828439785,150.0
00240001,64,0.8131516137969048,153.0
00240001,65,0.856200282249673,150.0
00240001,66,0.8322050223171877,150.0
00240001,67,0.7867738994925021,150.0
00240001,68,0.8023158551235314,150.0
00240001,69,0.8064247424005284,150.0
00240001,70,0.8318804799450971,148.0
00240001,71,0.7729500339593253,151.0
00240001,72,0.7724934250566489,151.0
00240001,73,0.8151052535302028,149.0
00240001,74,0.8274906937461284,151.0
00240001,75,0.8359184083266051,149.0
00240001,76,0.7721182031488926,149.0
00240001,77,0.7950574402660773,151.0
00240001,78,0.8057497850716562,150.0
00240001,79,0.8144441883906227,152.0
00240001,80,0.7971806219682582,151.0
00240001,81,0.8079964211257957,148.0
00240001,82,0.7448921596588532,152.0
00240001,83,0.8256428928564417,154.0
00240001,84,0.8110702943090209,152.0
00240001,85,0.7850098128705189,152.0
00240001,86,0.8221220926873054,150.0
00240001,87,0.7764461403537702,153.0
00240001,88,0.7952783805168478,150.0
00240001,89,0.7979227537985869,143.0
00240001,90,0.7562384925154294,146.0
00240001,91,0.7845132717015935,149.0
00240001,92,0.7665791977858633,146.0
00240001,93,0.7749288439906359,143.0
00240001,94,0.8282868553191873,149.0
00240001,95,0.8353939823675754,151.0
00240001,96,0.8243289776638492,148.0
00240001,97,0.8128884273908449,149.0
00240001,98,0.8263574886672044,151.0
00240001,99,0.8274906937461284,151.0
00240001,mean,0.802940649114582,
00490001,0,0.642290377259812,131.0
00490001,1,0.6800549494813445,131.0
00490001,2,0.7094139595708958,139.0
00490001,3,0.6745721524986029,133.0
00490001,4,0.6957425208253073,127.0
00490001,5,0.7112822683751713,129.0
00490001,6,0.7275098139842918,128.0
00490001,7,0.7094139595708958,139.0
00490001,8,0.7112822683751713,129.0
00490001,9,0.6745721524986029,133.0
00490001,10,0.7094139595708958,139.0
00490001,11,0.6745721524986029,133.0
00490001,12,0.7094139595708958,139.0
00490001,13,0.6745721524986029,133.0
00490001,14,0.6661059805219592,135.0
00490001,15,0.7088982270431192,126.0
00490001,16,0.7275098139842918,128.0
00490001,17,0.7094139595708958,139.0
00490001,18,0.6957425208253073,127.0
00490001,19,0.6665964933586682,131.0
00490001,20,0.6980517399602834,136.0
00490001,21,0.7094139595708958,139.0
00490001,22,0.6927322704220358,133.0
00490001,23,0.6745721524986029,133.0
00490001,24,0.6661059805219592,135.0
00490001,25,0.6927322704220358,133.0
00490001,26,0.7112822683751713,129.0
00490001,27,0.7232864756371961,133.0
00490001,28,0.6661059805219592,135.0
00490001,29,0.6694527213115127,137.0
00490001,30,0.6665964933586682,131.0
00490001,31,0.7232864756371961,133.0
00490001,32,0.6661059805219592,135.0
00490001,33,0.7275098139842918,128.0
00490001,34,0.7039545544147217,133.0
00490001,35,0.7232864756371961,133.0
00490001,36,0.6694527213115127,137.0
00490001,37,0.6927322704220358,133.0
00490001,38,0.7088982270431192,126.0
00490001,39,0.642290377259812,131.0
00490001,40,0.642290377259812,131.0
00490001,41,0.6957425208253073,127.0
00490001,42,0.7275098139842918,128.0
00490001,43,0.6665964933586682,131.0
00490001,44,0.7275098139842918,128.0
00490001,45,0.6665964933586682,131.0
00490001,46,0.7094139595708958,139.0
00490001,47,0.7088982270431192,126.0
00490001,48,0.6957425208253073,127.0
00490001,49,0.7232864756371961,133.0
00490001,50,0.6957425208253073,127.0
00490001,51,0.7094139595708958,139.0
00490001,52,0.6957425208253073,127.0
00490001,53,0.6745721524986029,133.0
00490001,54,0.7094139595708958,139.0
00490001,55,0.6665964933586682,131.0
00490001,56,0.6957425208253073,127.0
00490001,57,0.6927322704220358,133.0
00490001,58,0.7088982270431192,126.0
00490001,59,0.642290377259812,131.0
00490001,60,0.6980517399602834,136.0
00490001,61,0.6745721524986029,133.0
00490001,62,0.6694527213115127,137.0
00490001,63,0.7232864756371961,133.0
00490001,64,0.7088982270431192,126.0
00490001,65,0.642290377259812,131.0
00490001,66,0.6927322704220358,133.0
00490001,67,0.7232864756371961,133.0
00490001,68,0.6927322704220358,133.0
00490001,69,0.7088982270431192,126.0
00490001,70,0.7094139595708958,139.0
00490001,71,0.6800549494813445,131.0
00490001,72,0.7112822683751713,129.0
00490001,73,0.7094139595708958,139.0
00490001,74,0.6800549494813445,131.0
00490001,75,0.6661059805219592,135.0
00490001,76,0.7275098139842918,128.0
00490001,77,0.7232864756371961,133.0
00490001,78,0.642290377259812,131.0
00490001,79,0.6980517399602834,136.0
00490001,80,0.6980517399602834,136.0
00490001,81,0.7275098139842918,128.0
00490001,82,0.7039545544147217,133.0
00490001,83,0.7039545544147217,133.0
00490001,84,0.6980517399602834,136.0
00490001,85,0.6665964933586682,131.0
00490001,86,0.6745721524986029,133.0
00490001,87,0.6957425208253073,127.0
00490001,88,0.6661059805219592,135.0
00490001,89,0.7112822683751713,129.0
00490001,90,0.6661059805219592,135.0
00490001,91,0.6957425208253073,127.0
00490001,92,0.6661059805219592,135.0
00490001,93,0.6694527213115127,137.0
00490001,94,0.7094139595708958,139.0
00490001,95,0.6980517399602834,136.0
00490001,96,0.6661059805219592,135.0
00490001,97,0.6665964933586682,131.0
00490001,98,0.6980517399602834,136.0
00490001,99,0.7112822683751713,129.0
00490001,mean,0.6923535116308313,
00320003,0,0.8212477659695142,142.0
00320003,1,0.8154237444989948,143.0
00320003,2,0.7818422740932653,142.0
00320003,3,0.7838189653379523,148.0
00320003,4,0.7819670654450407,146.0
00320003,5,0.7693492887655322,145.0
00320003,6,0.7813161409768914,145.0
00320003,7,0.7996821283103295,144.0
00320003,8,0.7792594524547978,145.0
00320003,9,0.7549514121776091,143.0
00320003,10,0.8091445047010282,144.0
00320003,11,0.7996821283103295,144.0
00320003,12,0.7813161409768914,145.0
00320003,13,0.7975946047143219,145.0
00320003,14,0.7818422740932653,142.0
00320003,15,0.7494958213056907,145.0
00320003,16,0.7712045425507816,144.0
00320003,17,0.8212477659695142,142.0
00320003,18,0.7996821283103295,144.0
00320003,19,0.7865958255154823,142.0
00320003,20,0.7874934321338768,143.0
00320003,21,0.7982037373623766,147.0
00320003,22,0.7549514121776091,143.0
00320003,23,0.8063237633093066,140.0
00320003,24,0.7819670654450407,146.0
00320003,25,0.8037415307572924,147.0
00320003,26,0.8177334687975619,143.0
00320003,27,0.7712045425507816,144.0
00320003,28,0.8091445047010282,144.0
00320003,29,0.7554949641557026,145.0
00320003,30,0.8034734224440969,143.0
00320003,31,0.8091445047010282,144.0
00320003,32,0.8184479963222585,144.0
00320003,33,0.7981908608685345,146.0
00320003,34,0.8091445047010282,144.0
00320003,35,0.793275686712537,142.0
00320003,36,0.7981908608685345,146.0
00320003,37,0.7982037373623766,147.0
00320003,38,0.7549514121776091,143.0
00320003,39,0.7554949641557026,145.0
00320003,40,0.7981908608685345,146.0
00320003,41,0.8037415307572924,147.0
00320003,42,0.7767398758999959,147.0
00320003,43,0.81913825940619,139.0
00320003,44,0.7786487035710521,143.0
00320003,45,0.8039639040639311,143.0
00320003,46,0.8063237633093066,140.0
00320003,47,0.7819670654450407,146.0
00320003,48,0.7865958255154823,142.0
00320003,49,0.8212477659695142,142.0
00320003,50,0.7904108420342597,140.0
00320003,51,0.7661621392645726,145.0
00320003,52,0.7494958213056907,145.0
00320003,53,0.7981908608685345,146.0
00320003,54,0.7865958255154823,142.0
00320003,55,0.8034734224440969,143.0
00320003,56,0.7712045425507816,144.0
00320003,57,0.7983126131012578,142.0
00320003,58,0.8111506139657995,147.0
00320003,59,0.7818422740932653,142.0
00320003,60,0.7981908608685345,146.0
00320003,61,0.7714820380554396,143.0
00320003,62,0.7982037373623766,147.0
00320003,63,0.8114800090297226,144.0
00320003,64,0.7996821283103295,144.0
00320003,65,0.7882168291596934,139.0
00320003,66,0.7965307193434352,150.0
00320003,67,0.7813161409768914,145.0
00320003,68,0.7984244222088623,140.0
00320003,69,0.7904108420342597,140.0
00320003,70,0.8141518985382221,147.0
00320003,71,0.7981908608685345,146.0
00320003,72,0.7947565738587211,144.0
00320003,73,0.8212477659695142,142.0
00320003,74,0.7554949641557026,145.0
00320003,75,0.7848764024704691,148.0
00320003,76,0.7947565738587211,144.0
00320003,77,0.7975946047143219,145.0
00320003,78,0.8090388992616648,140.0
00320003,79,0.8037415307572924,147.0
00320003,80,0.808353061303706,146.0
00320003,81,0.8149676356466617,142.0
00320003,82,0.8034734224440969,143.0
00320003,83,0.8111506139657995,147.0
00320003,84,0.7582352180222584,150.0
00320003,85,0.7785188575917384,145.0
00320003,86,0.7680806674018789,143.0
00320003,87,0.7819670654450407,146.0
00320003,88,0.7865958255154823,142.0
00320003,89,0.7839973776052749,145.0
00320003,90,0.8034734224440969,143.0
00320003,91,0.8154237444989948,143.0
00320003,92,0.8039639040639311,143.0
00320003,93,0.773701874815284,142.0
00320003,94,0.8212477659695142,142.0
00320003,95,0.8063237633093066,140.0
00320003,96,0.7549514121776091,143.0
00320003,97,0.8114800090297226,144.0
00320003,98,0.7839973776052749,145.0
00320003,99,0.8114800090297226,144.0
00320003,mean,0.7921400768582002,
00400002,0,0.811640854999005,154.0
00400002,1,0.848638456127537,154.0
00400002,2,0.8275926530235502,154.0
00400002,3,0.8249538915660354,153.0
00400002,4,0.8243706596690988,152.0
00400002,5,0.817055264969213,156.0
00400002,6,0.7906697211505866,154.0
00400002,7,0.8139982359619904,155.0
00400002,8,0.8100794344392619,152.0
00400002,9,0.789721265615247,155.0
00400002,10,0.8036249647877002,153.0
00400002,11,0.8386478856607087,156.0
00400002,12,0.8157573853027442,155.0
00400002,13,0.8101386597882682,154.0
00400002,14,0.8281789079224964,156.0
00400002,15,0.8097856708428084,151.0
00400002,16,0.8153095065726266,152.0
00400002,17,0.7792566329525665,152.0
00400002,18,0.8164056020147455,154.0
00400002,19,0.8125969115915361,154.0
00400002,20,0.8109738944041112,152.0
00400002,21,0.8026172142298653,151.0
00400002,22,0.8045476566950631,152.0
00400002,23,0.8486469961177994,157.0
00400002,24,0.8314076025176188,155.0
00400002,25,0.7809970832701588,151.0
00400002,26,0.8158070006324544,155.0
00400002,27,0.7963622473129854,152.0
00400002,28,0.8308602275398602,153.0
00400002,29,0.7934462056985655,154.0
00400002,30,0.8182773320914469,155.0
00400002,31,0.8182773320914469,155.0
00400002,32,0.7701888006683694,155.0
00400002,33,0.8099153349445685,154.0
00400002,34,0.8712922702852421,151.0
00400002,35,0.8239388859656749,153.0
00400002,36,0.8314192249943022,155.0
00400002,37,0.8500574865253546,156.0
00400002,38,0.8473491265432685,155.0
00400002,39,0.8164808413822462,156.0
00400002,40,0.8158844823887319,153.0
00400002,41,0.8377848263011238,155.0
00400002,42,0.8132204863061873,150.0
00400002,43,0.8190157170647155,151.0
00400002,44,0.8236449117811218,155.0
00400002,45,0.7999661670490648,153.0
00400002,46,0.8019862279482256,151.0
00400002,47,0.8057636639757838,153.0
00400002,48,0.8378299803156944,155.0
00400002,49,0.8177158918527038,152.0
00400002,50,0.7962726623090316,154.0
00400002,51,0.8048887112680382,153.0
00400002,52,0.8149914540884358,155.0
00400002,53,0.814983000847953,153.0
00400002,54,0.7846303079571177,152.0
00400002,55,0.8175347689566222,155.0
00400002,56,0.83399077402396,153.0
00400002,57,0.7878600800991631,154.0
00400002,58,0.829974721454993,155.0
00400002,59,0.8350634325490616,155.0
00400002,60,0.8146610342090691,154.0
00400002,61,0.7908250194846456,156.0
00400002,62,0.8083491890032687,156.0
00400002,63,0.8249538915660354,153.0
00400002,64,0.8125178032042628,153.0
00400002,65,0.8230123900563178,152.0
00400002,66,0.8214857352753656,155.0
00400002,67,0.8429590809479699,154.0
00400002,68,0.7751261878664278,156.0
00400002,69,0.8314192249943022,155.0
00400002,70,0.8566521581030924,152.0
00400002,71,0.8484088445092568,156.0
00400002,72,0.8314076025176188,155.0
00400002,73,0.7835636637942939,154.0
00400002,74,0.8432891956136598,153.0
00400002,75,0.739778364885263,155.0
00400002,76,0.7815773727491327,156.0
00400002,77,0.8146610342090691,154.0
00400002,78,0.8301600139991465,155.0
00400002,79,0.8301651828594147,153.0
00400002,80,0.7987583885183476,149.0
00400002,81,0.8051073715449358,154.0
00400002,82,0.8174652135728893,152.0
00400002,83,0.8225030413664169,156.0
00400002,84,0.8151966252175579,157.0
00400002,85,0.7543118742176785,149.0
00400002,86,0.8047294724200764,154.0
00400002,87,0.8022693178764279,151.0
00400002,88,0.8158070006324544,155.0
00400002,89,0.8376259459853387,152.0
00400002,90,0.8108958039873284,154.0
00400002,91,0.7989740283226525,155.0
00400002,92,0.769679753734624,152.0
00400002,93,0.8268472732312494,155.0
00400002,94,0.8359839467543351,154.0
00400002,95,0.7632804737818398,149.0
00400002,96,0.8056558773237417,154.0
00400002,97,0.8574424530269487,157.0
00400002,98,0.8526054363820683,151.0
00400002,99,0.7738864357348905,155.0
00400002,mean,0.8142828632088528,
00370002,0,0.8707668560918166,157.0
00370002,1,0.8580937923560725,157.0
00370002,2,0.8641157636556838,158.0
00370002,3,0.864248192798172,157.0
00370002,4,0.8519910487953873,158.0
00370002,5,0.8366222351492383,158.0
00370002,6,0.8678733309797013,157.0
00370002,7,0.861838465447607,159.0
00370002,8,0.8398554617066987,155.0
00370002,9,0.8758467911221566,156.0
00370002,10,0.8423643986042773,157.0
00370002,11,0.8262667890541884,159.0
00370002,12,0.8392256470945006,156.0
00370002,13,0.878097651536884,157.0
00370002,14,0.8240499273374838,156.0
00370002,15,0.83472838114105,156.0
00370002,16,0.8189048384715478,158.0
00370002,17,0.8268399270531943,159.0
00370002,18,0.851092693652377,157.0
00370002,19,0.865227228554335,157.0
00370002,20,0.8486468089151031,158.0
00370002,21,0.8439617335565511,156.0
00370002,22,0.8093007246431805,158.0
00370002,23,0.8371482456969451,157.0
00370002,24,0.8419461206237089,158.0
00370002,25,0.846918102329505,156.0
00370002,26,0.8295312813780148,157.0
00370002,27,0.865202282786734,157.0
00370002,28,0.8648858196571382,156.0
00370002,29,0.832193340401116,157.0
00370002,30,0.8262667890541884,159.0
00370002,31,0.8398554617066987,155.0
00370002,32,0.842712818226424,152.0
00370002,33,0.8452034280301021,157.0
00370002,34,0.8279482809567197,157.0
00370002,35,0.8563540522335493,156.0
00370002,36,0.824913759714492,158.0
00370002,37,0.8622443521111377,156.0
00370002,38,0.8396116368870263,157.0
00370002,39,0.8200156068706581,156.0
00370002,40,0.8332272484655608,157.0
00370002,41,0.8317524271367717,158.0
00370002,42,0.8505379919135965,156.0
00370002,43,0.8345273373106964,155.0
00370002,44,0.8161493085929601,158.0
00370002,45,0.843662554692456,157.0
00370002,46,0.8457693935067002,155.0
00370002,47,0.8543110172397558,156.0
00370002,48,0.8393708392521048,158.0
00370002,49,0.8444939721233714,157.0
00370002,50,0.8586142465803696,159.0
00370002,51,0.8189048384715478,158.0
00370002,52,0.8469543638390656,157.0
00370002,53,0.8834105228948904,154.0
00370002,54,0.8332272484655608,157.0
00370002,55,0.8327604443197482,157.0
00370002,56,0.8393510841465427,155.0
00370002,57,0.8426845921278644,157.0
00370002,58,0.876372785524652,156.0
00370002,59,0.8707682839116865,156.0
00370002,60,0.8368223448457756,159.0
00370002,61,0.8685117645442438,158.0
00370002,62,0.8569448806892223,157.0
00370002,63,0.8652301295237169,157.0
00370002,64,0.876372785524652,156.0
00370002,65,0.8120365421619015,157.0
00370002,66,0.8617257646522957,157.0
00370002,67,0.8553685480858939,155.0
00370002,68,0.8578812098472451,159.0
00370002,69,0.8246795989522694,158.0
00370002,70,0.8262667890541884,159.0
00370002,71,0.8727864147277237,158.0
00370002,72,0.8615326790718101,158.0
00370002,73,0.8396116368870263,157.0
00370002,74,0.8485532503751193,156.0
00370002,75,0.8598882861790319,159.0
00370002,76,0.8861391976342233,154.0
00370002,77,0.8287745480726837,159.0
00370002,78,0.8346585249830013,159.0
00370002,79,0.8483215549825649,155.0
00370002,80,0.8295312813780148,157.0
00370002,81,0.840687996607747,157.0
00370002,82,0.8611771805265288,156.0
00370002,83,0.825582668286678,158.0
00370002,84,0.8391341033973359,156.0
00370002,85,0.8639878349089027,157.0
00370002,86,0.8641460185622809,158.0
00370002,87,0.8061482329750824,157.0
00370002,88,0.8681726007003002,154.0
00370002,89,0.8396512729313257,159.0
00370002,90,0.8752275580687661,158.0
00370002,91,0.845779926217159,159.0
00370002,92,0.8773488663364899,156.0
00370002,93,0.8610115083301055,154.0
00370002,94,0.8475712296875528,158.0
00370002,95,0.8521435000073566,157.0
00370002,96,0.8586142465803696,159.0
00370002,97,0.8395168581219085,156.0
00370002,98,0.8558398138449259,154.0
00370002,99,0.851178939387732,158.0
00370002,mean,0.8472431865454843,
00590001,0,0.7211977044565668,132.0
00590001,1,0.705511955005929,134.0
00590001,2,0.6259411164771437,124.0
00590001,3,0.705511955005929,134.0
00590001,4,0.7033494510024892,129.0
00590001,5,0.6669702823691415,132.0
00590001,6,0.7033494510024892,129.0
00590001,7,0.735035198475201,133.0
00590001,8,0.7033494510024892,129.0
00590001,9,0.6970987786719676,133.0
00590001,10,0.643990920577335,134.0
00590001,11,0.7211977044565668,132.0
00590001,12,0.7033494510024892,129.0
00590001,13,0.735035198475201,133.0
00590001,14,0.6669702823691415,132.0
00590001,15,0.7033494510024892,129.0
00590001,16,0.705511955005929,134.0
00590001,17,0.643990920577335,134.0
00590001,18,0.705511955005929,134.0
00590001,19,0.705511955005929,134.0
00590001,20,0.643990920577335,134.0
00590001,21,0.7402556438085965,132.0
00590001,22,0.735035198475201,133.0
00590001,23,0.7402556438085965,132.0
00590001,24,0.643990920577335,134.0
00590001,25,0.7211977044565668,132.0
00590001,26,0.643990920577335,134.0
00590001,27,0.705511955005929,134.0
00590001,28,0.735035198475201,133.0
00590001,29,0.7033494510024892,129.0
00590001,30,0.705511955005929,134.0
00590001,31,0.7061135526104849,132.0
00590001,32,0.7211977044565668,132.0
00590001,33,0.7061135526104849,132.0
00590001,34,0.7033494510024892,129.0
00590001,35,0.7061135526104849,132.0
00590001,36,0.7211977044565668,132.0
00590001,37,0.7061135526104849,132.0
00590001,38,0.7402556438085965,132.0
00590001,39,0.6259411164771437,124.0
00590001,40,0.6970987786719676,133.0
00590001,41,0.7402556438085965,132.0
00590001,42,0.7211977044565668,132.0
00590001,43,0.7402556438085965,132.0
00590001,44,0.643990920577335,134.0
00590001,45,0.643990920577335,134.0
00590001,46,0.7402556438085965,132.0
00590001,47,0.643990920577335,134.0
00590001,48,0.7211977044565668,132.0
00590001,49,0.735035198475201,133.0
00590001,50,0.6259411164771437,124.0
00590001,51,0.6259411164771437,124.0
00590001,52,0.643990920577335,134.0
00590001,53,0.643990920577335,134.0
00590001,54,0.7061135526104849,132.0
00590001,55,0.7061135526104849,132.0
00590001,56,0.7402556438085965,132.0
00590001,57,0.735035198475201,133.0
00590001,58,0.705511955005929,134.0
00590001,59,0.735035198475201,133.0
00590001,60,0.735035198475201,133.0
00590001,61,0.7402556438085965,132.0
00590001,62,0.7061135526104849,132.0
00590001,63,0.7211977044565668,132.0
00590001,64,0.6669702823691415,132.0
00590001,65,0.705511955005929,134.0
00590001,66,0.6970987786719676,133.0
00590001,67,0.705511955005929,134.0
00590001,68,0.7061135526104849,132.0
00590001,69,0.643990920577335,134.0
00590001,70,0.643990920577335,134.0
00590001,71,0.7211977044565668,132.0
00590001,72,0.7211977044565668,132.0
00590001,73,0.7402556438085965,132.0
00590001,74,0.643990920577335,134.0
00590001,75,0.7211977044565668,132.0
00590001,76,0.6669702823691415,132.0
00590001,77,0.735035198475201,133.0
00590001,78,0.735035198475201,133.0
00590001,79,0.7211977044565668,132.0
00590001,80,0.643990920577335,134.0
00590001,81,0.7033494510024892,129.0
00590001,82,0.7033494510024892,129.0
00590001,83,0.6669702823691415,132.0
00590001,84,0.7061135526104849,132.0
00590001,85,0.7402556438085965,132.0
00590001,86,0.7033494510024892,129.0
00590001,87,0.7402556438085965,132.0
00590001,88,0.7211977044565668,132.0
00590001,89,0.7061135526104849,132.0
00590001,90,0.6259411164771437,124.0
00590001,91,0.7061135526104849,132.0
00590001,92,0.6259411164771437,124.0
00590001,93,0.705511955005929,134.0
00590001,94,0.643990920577335,134.0
00590001,95,0.643990920577335,134.0
00590001,96,0.7033494510024892,129.0
00590001,97,0.6259411164771437,124.0
00590001,98,0.7061135526104849,132.0
00590001,99,0.735035198475201,133.0
00590001,mean,0.6968619781291455,
