annotator,initial_object_name,total_frames,correct_labels,incorrect_labels,mean_iou,mean_iou_correct,mean_iou_incorrect,precision,n,prevalence_bin
Dora,arm,5,5,0,0.9999681060848573,0.9999681060848573,NA,1,7280,Medium (40-60%)
Dora,bicycle,4,4,0,0.9999567765950146,0.9999567765950146,NA,1,15046,Medium (40-60%)
Dora,closet,3,3,0,0.9999553422344978,0.9999553422344978,NA,1,4276,Low (20-40%)
Dora,cloud,8,8,0,0.9999269014197011,0.9999269014197011,NA,1,81,Very Low (0-20%)
Dora,coat,4,4,0,0.9999654244272829,0.9999654244272829,NA,1,958,Very Low (0-20%)
Dora,cookie,4,4,0,0.9998351788208537,0.9998351788208537,NA,1,5359,Medium (40-60%)
Dora,dish,4,4,0,0.9998897708601149,0.9998897708601149,NA,1,2808,Low (20-40%)
Dora,drawer,5,5,0,0.9999160767025196,0.9999160767025196,NA,1,56584,High (60-80%)
Dora,dress,3,3,0,0.9999684688221827,0.9999684688221827,NA,1,7296,Medium (40-60%)
Dora,ear,3,3,0,0.9998771837144088,0.9998771837144088,NA,1,1370,Low (20-40%)
Dora,eye,4,4,0,0.9998573594243906,0.9998573594243906,NA,1,457,Very Low (0-20%)
Dora,finger,4,4,0,0.9998642139607488,0.9998642139607488,NA,1,14305,Medium (40-60%)
Dora,food,3,3,0,0.9999267336041351,0.9999267336041351,NA,1,13147,Medium (40-60%)
Dora,garden,3,3,0,0.9999797577351723,0.9999797577351723,NA,1,2649,Low (20-40%)
Dora,giraffe,3,3,0,0.9999156961400641,0.9999156961400641,NA,1,342,Very Low (0-20%)
Dora,hair,3,3,0,0.9998993964779914,0.9998993964779914,NA,1,42294,High (60-80%)
Dora,jar,4,4,0,0.9998173474527704,0.9998173474527704,NA,1,11717,Medium (40-60%)
Dora,kitchen,3,3,0,0.9999886420234243,0.9999886420234243,NA,1,50158,High (60-80%)
Dora,lip,3,3,0,0.9997770214631984,0.9997770214631984,NA,1,6341,Medium (40-60%)
Dora,mop,4,4,0,0.9999117161217659,0.9999117161217659,NA,1,430,Very Low (0-20%)
Dora,necklace,4,4,0,0.9997752923775141,0.9997752923775141,NA,1,37572,High (60-80%)
Dora,nose,5,5,0,0.9998573646217441,0.9998573646217441,NA,1,2391,Low (20-40%)
Dora,pants,5,5,0,0.9999682153570253,0.9999682153570253,NA,1,20144,Medium (40-60%)
Dora,pasta,8,8,0,0.999949779709453,0.999949779709453,NA,1,337,Very Low (0-20%)
Dora,roof,3,3,0,0.9999539550346406,0.9999539550346406,NA,1,2661,Low (20-40%)
Dora,sauce,4,4,0,0.999875555721528,0.999875555721528,NA,1,1875,Low (20-40%)
Dora,shorts,5,5,0,0.9999128081862179,0.9999128081862179,NA,1,11659,Medium (40-60%)
Dora,sidewalk,6,6,0,0.9999844814549106,0.9999844814549106,NA,1,27597,High (60-80%)
Dora,sky,6,6,0,0.9999784684894338,0.9999784684894338,NA,1,32120,High (60-80%)
Dora,sneaker,4,4,0,0.9998951935409819,0.9998951935409819,NA,1,34785,High (60-80%)
Dora,soap,3,3,0,0.9998239904905891,0.9998239904905891,NA,1,8218,Medium (40-60%)
Dora,stroller,5,5,0,0.9999396041990257,0.9999396041990257,NA,1,31576,High (60-80%)
Dora,sun,3,3,0,0.9999157023196242,0.9999157023196242,NA,1,1631,Low (20-40%)
Dora,tights,3,3,0,0.9999474652779685,0.9999474652779685,NA,1,28810,High (60-80%)
Dora,toast,7,7,0,0.9998773206162144,0.9998773206162144,NA,1,1904,Low (20-40%)
Dora,tractor,3,3,0,0.9999197792825659,0.9999197792825659,NA,1,3726,Low (20-40%)
Dora,zipper,8,8,0,0.9996336561890722,0.9996336561890722,NA,1,136,Very Low (0-20%)
Dora,game,11,10,1,0.999956422671005,0.9999545531005275,0.999975118375781,0.9090909090909091,129,Very Low (0-20%)
Dora,leg,6,5,1,0.9999289220471366,0.9999258801402148,0.9999441315817456,0.8333333333333334,1458,Low (20-40%)
Dora,stick,6,5,1,0.9999300063161202,0.9999251450409194,0.9999543126921239,0.8333333333333334,751,Very Low (0-20%)
Dora,sweater,6,5,1,0.9999732241863215,0.9999733827485535,0.999972431375161,0.8333333333333334,20415,Medium (40-60%)
Dora,head,5,4,1,0.9999765302676185,0.9999733312961366,0.999989326153546,0.8,6171,Medium (40-60%)
Dora,penguin,5,4,1,0.999784662696977,0.999780482389097,0.9998013839284969,0.8,477,Very Low (0-20%)
Dora,apple,4,3,1,0.9998024949207257,0.9997656040527441,0.9999131675246707,0.75,106730,Very High (80-100%)
Dora,blocks,4,3,1,0.9999226353240755,0.9999268938708897,0.9999098596836327,0.75,47512,High (60-80%)
Dora,cheese,4,3,1,0.9998011269119944,0.9998603062204166,0.9996235889867281,0.75,1328,Low (20-40%)
Dora,doll,4,3,1,0.9999292742912168,0.9999333309800843,0.9999171042246146,0.75,49391,High (60-80%)
Dora,flag,4,3,1,0.9997845201249915,0.9997373538621129,0.9999260189136275,0.75,26893,High (60-80%)
Dora,light,4,3,1,0.9998316684261368,0.9997981433397357,0.9999322436853403,0.75,29815,High (60-80%)
Dora,trash,4,3,1,0.9998695532952471,0.999841455841135,0.9999538456575833,0.75,16631,Medium (40-60%)
Dora,tray,4,3,1,0.9998761015236647,0.9998773867310998,0.9998722459013593,0.75,97027,Very High (80-100%)
Dora,walker,4,3,1,0.9999553160786826,0.9999500660425531,0.999971066187071,0.75,39276,High (60-80%)
Dora,zebra,4,3,1,0.999946317251264,0.9999337840643437,0.9999839168120248,0.75,327,Very Low (0-20%)
Dora,stone,11,8,3,0.9998989742345944,0.999942356456315,0.999783288310006,0.7272727272727273,138,Very Low (0-20%)
Dora,belt,3,2,1,0.9997452214099838,0.99967458757733,0.9998864890752913,0.6666666666666666,16623,Medium (40-60%)
Dora,car,3,2,1,0.9998891931142994,0.999838249272952,0.9999910807969942,0.6666666666666666,63488,High (60-80%)
Dora,cow,3,2,1,0.9999491290107938,0.9999435279328143,0.9999603311667529,0.6666666666666666,1297,Low (20-40%)
Dora,flower,3,2,1,0.9997431681435869,0.9996638808258482,0.9999017427790641,0.6666666666666666,180970,Very High (80-100%)
Dora,paper,6,4,2,0.9999436890916561,0.9999351437347397,0.9999607798054891,0.6666666666666666,74036,High (60-80%)
Dora,peas,6,4,2,0.9998147857950498,0.999779187346348,0.9998859826924533,0.6666666666666666,2734,Low (20-40%)
Dora,purse,3,2,1,0.999943337083011,0.9999390150375659,0.9999519811739012,0.6666666666666666,56657,High (60-80%)
Dora,puzzle,3,2,1,0.99996326160162,0.9999554969874989,0.9999787908298623,0.6666666666666666,1892,Low (20-40%)
Dora,sled,3,2,1,0.9999552327643376,0.9999582782825751,0.9999491417278625,0.6666666666666666,42817,High (60-80%)
Dora,swing,3,2,1,0.9998729118032151,0.9999074963311798,0.9998037427472858,0.6666666666666666,3634,Low (20-40%)
Dora,tape,3,2,1,0.9999117151732838,0.9999151507433668,0.9999048440331179,0.6666666666666666,58451,High (60-80%)
Dora,tricycle,3,2,1,0.9998733199688933,0.9999049037131205,0.9998101524804389,0.6666666666666666,457,Very Low (0-20%)
Dora,vitamin,11,7,4,0.9997794253401803,0.9997275705759595,0.9998701711775666,0.6363636363636364,90,Very Low (0-20%)
Dora,beans,8,5,3,0.9999358899489051,0.9999450842556076,0.9999205661044012,0.625,315,Very Low (0-20%)
Dora,bat,5,3,2,0.9999546812209968,0.9999466640061916,0.9999667070432048,0.6,3847,Low (20-40%)
Dora,hand,5,3,2,0.9999515315588084,0.999948036473789,0.9999567741863374,0.6,138537,Very High (80-100%)
Dora,jeans,5,3,2,0.9999556000384702,0.9999500703728157,0.999963894536952,0.6,28805,High (60-80%)
Dora,wind,5,3,2,0.9999324621607378,0.9999411540242805,0.9999194243654238,0.6,302,Very Low (0-20%)
Dora,present,7,4,3,0.9999226500024446,0.9999456730161522,0.9998919526508344,0.5714285714285714,123054,Very High (80-100%)
Dora,bench,6,3,3,0.9999498385852263,0.9999559094752986,0.999943767695154,0.5,209857,Very High (80-100%)
Dora,butt,6,3,3,0.999916385958786,0.9999078005157116,0.9999249714018604,0.5,281,Very Low (0-20%)
Dora,carrot,4,2,2,0.9998295207238093,0.9998554470135441,0.9998035944340744,0.5,11516,Medium (40-60%)
Dora,chicken,4,2,2,0.9999319808119398,0.9999018198322183,0.9999621417916613,0.5,1106,Very Low (0-20%)
Dora,clock,4,2,2,0.9995415501289786,0.9995010723673825,0.9995820278905747,0.5,116977,Very High (80-100%)
Dora,glass,4,2,2,0.9999545745546816,0.9999685210166915,0.9999406280926716,0.5,10540,Medium (40-60%)
Dora,meat,6,3,3,0.9999216899825248,0.9999152095878193,0.9999281703772305,0.5,2077,Low (20-40%)
Dora,mouse,4,2,2,0.9995827576447558,0.9993349008263397,0.9998306144631719,0.5,48819,High (60-80%)
Dora,muffin,4,2,2,0.9998568381991834,0.9998395673942806,0.9998741090040861,0.5,4463,Low (20-40%)
Dora,pencil,6,3,3,0.9997013890816693,0.9997835316609274,0.9996192465024112,0.5,49544,High (60-80%)
Dora,rock,4,2,2,0.9998108166466126,0.9996329060770464,0.9999887272161789,0.5,3563,Low (20-40%)
Dora,scarf,4,2,2,0.9999212231229611,0.999890559994793,0.9999518862511292,0.5,2685,Low (20-40%)
Dora,telephone,6,3,3,0.9997533675058738,0.9997416507149952,0.9997650842967525,0.5,32088,High (60-80%)
Dora,vacuum,4,2,2,0.9999003999108769,0.9999281277178906,0.999872672103863,0.5,104325,Very High (80-100%)
Dora,shovel,7,3,4,0.9997741164812692,0.9998044688705484,0.9997513521893098,0.42857142857142855,42134,High (60-80%)
Dora,cat,5,2,3,0.9999594967367084,0.9999829382798661,0.9999438690412699,0.4,60004,High (60-80%)
Dora,crib,5,2,3,0.9999515077606361,0.999961671792069,0.9999447317396809,0.4,164037,Very High (80-100%)
Dora,pastry,5,2,3,0.9999278776668028,0.9999256534882945,0.9999293604524749,0.4,193,Very Low (0-20%)
Dora,pickle,5,2,3,0.9998776467407455,0.9998964333285417,0.9998651223488814,0.4,35609,High (60-80%)
Dora,tongue,5,2,3,0.9998525327516632,0.9998632849727058,0.9998453646043015,0.4,367,Very Low (0-20%)
Dora,airplane,3,1,2,0.9999036510145823,0.9998156942769204,0.9999476293834133,0.3333333333333333,3924,Low (20-40%)
Dora,applesauce,3,1,2,0.9998851953313456,0.9999233735276288,0.9998661062332039,0.3333333333333333,323,Very Low (0-20%)
Dora,bathroom,3,1,2,0.9999842515940851,0.9999829246594745,0.9999849150613904,0.3333333333333333,75676,Very High (80-100%)
Dora,beads,3,1,2,0.9999544235199394,0.9999487138702263,0.9999572783447959,0.3333333333333333,20738,High (60-80%)
Dora,comb,3,1,2,0.999953383389865,0.9999435183849308,0.999958315892332,0.3333333333333333,4296,Low (20-40%)
Dora,cracker,3,1,2,0.999907502281651,0.9998363816606893,0.999943062592132,0.3333333333333333,12305,Medium (40-60%)
Dora,diaper,3,1,2,0.9998880831426096,0.9999171103505899,0.9998735695386194,0.3333333333333333,79271,Very High (80-100%)
Dora,fork,3,1,2,0.9996023982086883,0.9994065257178478,0.9997003344541086,0.3333333333333333,51003,High (60-80%)
Dora,helicopter,6,2,4,0.9999234345177763,0.9998703604432229,0.999949971555053,0.3333333333333333,163,Very Low (0-20%)
Dora,hen,3,1,2,0.9999761444702739,0.9999827454536713,0.9999728439785753,0.3333333333333333,706,Very Low (0-20%)
Dora,jelly,3,1,2,0.9999588270670626,0.9999759470980432,0.9999502670515724,0.3333333333333333,14976,Medium (40-60%)
Dora,penny,3,1,2,0.9997111597690125,0.9997536003505468,0.9996899394782452,0.3333333333333333,537,Very Low (0-20%)
Dora,pizza,3,1,2,0.9999335001249087,0.9999578069102132,0.9999213467322565,0.3333333333333333,10657,Medium (40-60%)
Dora,pool,6,2,4,0.9999815400972177,0.9999852257828139,0.9999796972544196,0.3333333333333333,7952,Medium (40-60%)
Dora,popcorn,6,2,4,0.9999157429990365,0.9998973267507494,0.9999249511231801,0.3333333333333333,10374,Medium (40-60%)
Dora,tooth,3,1,2,0.999756067211105,0.9998103057318596,0.9997289479507276,0.3333333333333333,3748,Low (20-40%)
Dora,turtle,6,2,4,0.9999066492194004,0.9998742017725881,0.9999228729428066,0.3333333333333333,40,Very Low (0-20%)
Dora,candy,13,4,9,0.9998964630177056,0.9998736607821285,0.9999065973446287,0.3076923076923077,234,Very Low (0-20%)
Dora,goose,10,3,7,0.999824085500982,0.9999176421036182,0.999783989814138,0.3,83,Very Low (0-20%)
Dora,motorcycle,7,2,5,0.9999615004642851,0.9999814684095416,0.9999535132861825,0.2857142857142857,6753,Medium (40-60%)
Dora,duck,11,3,8,0.9998633623262093,0.999856314005572,0.9998660054464483,0.2727272727272727,233,Very Low (0-20%)
Dora,bubbles,4,1,3,0.9998264066992945,0.9998439352304986,0.9998205638555597,0.25,12387,Medium (40-60%)
Dora,bunny,8,2,6,0.9998752896406187,0.9998241524847207,0.9998923353592514,0.25,5826,Medium (40-60%)
Dora,butterfly,4,1,3,0.9997813266396325,0.9996423001778744,0.9998276687935519,0.25,2466,Low (20-40%)
Dora,gum,4,1,3,0.9998947254615154,0.9998541238063292,0.9999082593465775,0.25,54844,High (60-80%)
Dora,pudding,4,1,3,0.99991647594482,0.9999044866052456,0.99992047239134485,0.25,12030,Medium (40-60%)
Dora,scissors,4,1,3,0.9998417744115748,0.9999048443140389,0.9998207511107534,0.25,73379,High (60-80%)
Dora,sprinkler,4,1,3,0.9999240671387004,0.9999376591698613,0.9999195364616468,0.25,4976,Low (20-40%)
Dora,tummy,4,1,3,0.9999589592539213,0.9999155511625113,0.9999734286177246,0.25,1112,Low (20-40%)
Dora,bear,5,1,4,0.9999847393716429,0.9999862059276758,0.9999843727326347,0.2,405,Very Low (0-20%)
Dora,cheerios,5,1,4,0.9999371712816987,0.9998877755783961,0.9999495202075243,0.2,23324,High (60-80%)
Dora,glove,5,1,4,0.9998777396529401,0.9996161313222,0.9999431417356253,0.2,47813,High (60-80%)
Dora,kitty,5,1,4,0.9999597292750818,0.9999330266601366,0.9999664049288182,0.2,4469,Low (20-40%)
Dora,moon,5,1,4,0.9996860565840106,0.9993167226318762,0.9997783900720442,0.2,13764,Medium (40-60%)
Dora,pony,5,1,4,0.9998851038121552,0.999926915995463,0.9998746507663283,0.2,2803,Low (20-40%)
Dora,bathtub,6,1,5,0.9999717558093305,0.9999770575786198,0.9999706954554727,0.16666666666666666,53727,High (60-80%)
Dora,key,6,1,5,0.9997324709612222,0.9998315989643595,0.9997126453605948,0.16666666666666666,145,Very Low (0-20%)
Dora,potty,6,1,5,0.9999532391020185,0.9999816536436636,0.9999475561936895,0.16666666666666666,91717,Very High (80-100%)
Dora,sheep,6,1,5,0.9999814798803155,0.9999879410892958,0.9999801876385195,0.16666666666666666,728,Very Low (0-20%)
Dora,chocolate,7,1,6,0.9999351885299131,0.9999704378542855,0.9999293136425177,0.14285714285714285,126,Very Low (0-20%)
Dora,rain,7,1,6,0.9999908980361673,0.9999839563249898,0.9999920549880301,0.14285714285714285,155,Very Low (0-20%)
Dora,bee,5,0,5,0.9998830020574868,NA,0.9998830020574868,0,1283,Low (20-40%)
Dora,boots,4,0,4,0.9998394483525597,NA,0.9998394483525597,0,70509,High (60-80%)
Dora,brush,3,0,3,0.9998559563819581,NA,0.9998559563819581,0,5041,Low (20-40%)
Dora,bus,4,0,4,0.9998940796641799,NA,0.9998940796641799,0,3021,Low (20-40%)
Dora,butter,3,0,3,0.9998447751987607,NA,0.9998447751987607,0,16195,Medium (40-60%)
Dora,cereal,3,0,3,0.9999630904525348,NA,0.9999630904525348,0,1386,Low (20-40%)
Dora,cheek,6,0,6,0.9999460063495222,NA,0.9999460063495222,0,354,Very Low (0-20%)
Dora,coke,4,0,4,0.9999203413971468,NA,0.9999203413971468,0,15126,Medium (40-60%)
Dora,dryer,3,0,3,0.9998999223374232,NA,0.9998999223374232,0,32349,High (60-80%)
Dora,hammer,4,0,4,0.999886741224026,NA,0.999886741224026,0,6761,Medium (40-60%)
Dora,ice,4,0,4,0.999948304130762,NA,0.999948304130762,0,737,Very Low (0-20%)
Dora,juice,3,0,3,0.9997571611862863,NA,0.9997571611862863,0,778,Very Low (0-20%)
Dora,lamb,3,0,3,0.9999601045828338,NA,0.9999601045828338,0,11,Very Low (0-20%)
Dora,medicine,5,0,5,0.9999264465394234,NA,0.9999264465394234,0,162,Very Low (0-20%)
Dora,money,4,0,4,0.9998679097644168,NA,0.9998679097644168,0,14838,Medium (40-60%)
Dora,moose,4,0,4,0.999896988435711,NA,0.999896988435711,0,19,Very Low (0-20%)
Dora,owie,8,0,8,0.9999365263175247,NA,0.9999365263175247,0,50,Very Low (0-20%)
Dora,pancake,4,0,4,0.9999522451678264,NA,0.9999522451678264,0,19146,Medium (40-60%)
Dora,penis,5,0,5,0.9999439389918635,NA,0.9999439389918635,0,4714,Low (20-40%)
Dora,popsicle,4,0,4,0.9999094230688113,NA,0.9999094230688113,0,10566,Medium (40-60%)
Dora,sandbox,6,0,6,0.9999753106293269,NA,0.9999753106293269,0,83177,Very High (80-100%)
Dora,snowsuit,4,0,4,0.9999655884473446,NA,0.9999655884473446,0,529,Very Low (0-20%)
Dora,soda,3,0,3,0.9999195425821308,NA,0.9999195425821308,0,728,Very Low (0-20%)
Dora,squirrel,4,0,4,0.999930954526459,NA,0.999930954526459,0,11219,Medium (40-60%)
Dora,tiger,3,0,3,0.9998893237478004,NA,0.9998893237478004,0,4326,Low (20-40%)
Dora,train,3,0,3,0.9999813715620661,NA,0.9999813715620661,0,9091,Medium (40-60%)
Dora,turkey,5,0,5,0.9999781787870052,NA,0.9999781787870052,0,2190,Low (20-40%)
Dora,vagina,9,0,9,0.9999495806984615,NA,0.9999495806984615,0,52,Very Low (0-20%)
Dora,water,3,0,3,0.9999898830321847,NA,0.9999898830321847,0,8451,Medium (40-60%)
Dora,wolf,4,0,4,0.9999223147730851,NA,0.9999223147730851,0,3809,Low (20-40%)
Dora,yogurt,6,0,6,0.9999380333621091,NA,0.9999380333621091,0,7054,Medium (40-60%)
Mira,broom,3,3,0,0.9998830720196068,0.9998830720196068,NA,1,5205,Medium (40-60%)
Mira,button,3,3,0,0.9998365702182742,0.9998365702182742,NA,1,802,Very Low (0-20%)
Mira,cloud,7,7,0,0.999926064464811,0.999926064464811,NA,1,81,Very Low (0-20%)
Mira,ear,4,4,0,0.9998395848670021,0.9998395848670021,NA,1,1370,Low (20-40%)
Mira,face,3,3,0,0.9999689004888569,0.9999689004888569,NA,1,7209,Medium (40-60%)
Mira,finger,3,3,0,0.9998488920929919,0.9998488920929919,NA,1,14305,Medium (40-60%)
Mira,head,3,3,0,0.9999640370203042,0.9999640370203042,NA,1,6171,Medium (40-60%)
Mira,kitchen,3,3,0,0.9999831708350971,0.9999831708350971,NA,1,50158,High (60-80%)
Mira,oven,3,3,0,0.9999421460403953,0.9999421460403953,NA,1,130063,Very High (80-100%)
Mira,pasta,9,9,0,0.9999403033927352,0.9999403033927352,NA,1,337,Very Low (0-20%)
Mira,room,3,3,0,0.9999858371759335,0.9999858371759335,NA,1,110240,Very High (80-100%)
Mira,scarf,3,3,0,0.9999390443171149,0.9999390443171149,NA,1,2685,Low (20-40%)
Mira,sneaker,3,3,0,0.9998706754613281,0.9998706754613281,NA,1,34785,High (60-80%)
Mira,stroller,8,8,0,0.9998979029204402,0.9998979029204402,NA,1,31576,High (60-80%)
Mira,sweater,4,4,0,0.9999693591003547,0.9999693591003547,NA,1,20415,Medium (40-60%)
Mira,toast,10,10,0,0.9999276968446591,0.9999276968446591,NA,1,1904,Low (20-40%)
Mira,tree,5,5,0,0.9999725086964404,0.9999725086964404,NA,1,19881,Medium (40-60%)
Mira,stone,8,7,1,0.9999500790080107,0.9999486313022378,0.9999602129484214,0.875,138,Very Low (0-20%)
Mira,street,7,6,1,0.9999761712718943,0.9999750193726655,0.9999830826672668,0.8571428571428571,7106,Medium (40-60%)
Mira,mouth,6,5,1,0.9998849669461829,0.9998887029673115,0.9998662868405401,0.8333333333333334,606,Very Low (0-20%)
Mira,cat,5,4,1,0.9999388231413001,0.9999254247222819,0.9999924168173733,0.8,60004,High (60-80%)
Mira,food,4,3,1,0.9999439262593974,0.9999302193616741,0.9999850469525674,0.75,13147,Medium (40-60%)
Mira,leg,4,3,1,0.999878270223919,0.999847572419938,0.9999703636358616,0.75,1458,Low (20-40%)
Mira,lip,4,3,1,0.9998502014509986,0.9998272821612719,0.9999189593201784,0.75,6341,Medium (40-60%)
Mira,pajamas,4,3,1,0.9999575192567697,0.9999574298557741,0.9999577874597565,0.75,28028,High (60-80%)
Mira,shorts,4,3,1,0.999952590206242,0.9999436558789156,0.9999793931882215,0.75,11659,Medium (40-60%)
Mira,sock,4,3,1,0.9998782624763627,0.9998707270293169,0.9999008688175001,0.75,12227,Medium (40-60%)
Mira,window,4,3,1,0.9999676908048208,0.9999661319111375,0.999972367485871,0.75,173141,Very High (80-100%)
Mira,ankle,3,2,1,0.999862686079648,0.9998866231060903,0.9998148120267633,0.6666666666666666,2118,Low (20-40%)
Mira,blanket,6,4,2,0.9999659106470978,0.9999620383826371,0.9999736551760192,0.6666666666666666,140851,Very High (80-100%)
Mira,dress,3,2,1,0.9999501394923033,0.9999422759040663,0.9999658666687773,0.6666666666666666,7296,Medium (40-60%)
Mira,flower,3,2,1,0.9998134094551226,0.99978774893383,0.999864730497708,0.6666666666666666,180970,Very High (80-100%)
Mira,garden,3,2,1,0.9999817616850432,0.9999813834245446,0.9999825182060403,0.6666666666666666,2649,Low (20-40%)
Mira,paper,3,2,1,0.9999411603949744,0.9999352417488732,0.9999529976871767,0.6666666666666666,74036,High (60-80%)
Mira,pig,6,4,2,0.9998658677734418,0.9998872523490978,0.9998230986221298,0.6666666666666666,704,Very Low (0-20%)
Mira,sauce,3,2,1,0.9998623052754224,0.9998953708374356,0.9997961741513962,0.6666666666666666,1875,Low (20-40%)
Mira,shower,3,2,1,0.9999648602164136,0.9999557255212581,0.9999831296067244,0.6666666666666666,1448,Low (20-40%)
Mira,slide,6,4,2,0.99993190480453,0.9999647888443887,0.9998661367248127,0.6666666666666666,26222,High (60-80%)
Mira,stove,6,4,2,0.9999411971704681,0.9999234832879932,0.9999766249354178,0.6666666666666666,47268,High (60-80%)
Mira,tummy,6,4,2,0.9999134688224207,0.9998921345683318,0.9999561373305983,0.6666666666666666,1112,Low (20-40%)
Mira,corn,5,3,2,0.9999004146214059,0.9998645310341445,0.9999542400022978,0.6,2139,Low (20-40%)
Mira,dryer,5,3,2,0.9999678235084035,0.9999614240056218,0.9999774227625761,0.6,32349,High (60-80%)
Mira,helicopter,5,3,2,0.9998628602342708,0.9998878793410844,0.9998253315740506,0.6,163,Very Low (0-20%)
Mira,jacket,5,3,2,0.9999612544759638,0.9999706728857799,0.9999471268612399,0.6,10938,Medium (40-60%)
Mira,orange,5,3,2,0.999734163509779,0.9996707055754466,0.9998293504112776,0.6,49640,High (60-80%)
Mira,peas,5,3,2,0.999677330491438,0.9996267016686402,0.9997532737256347,0.6,2734,Low (20-40%)
Mira,balloon,7,4,3,0.9998480505933599,0.9998643691831686,0.9998262924736149,0.5714285714285714,76754,Very High (80-100%)
Mira,alligator,4,2,2,0.9999627162689826,0.999960460987517,0.9999649715504481,0.5,23060,High (60-80%)
Mira,bedroom,4,2,2,0.9999868859023051,0.9999893679476968,0.9999844038569135,0.5,4724,Low (20-40%)
Mira,dog,4,2,2,0.9999429030378865,0.9999589318608368,0.9999268742149361,0.5,86724,Very High (80-100%)
Mira,duck,4,2,2,0.9998655273866587,0.9998863046306234,0.9998447501426939,0.5,233,Very Low (0-20%)
Mira,jeans,4,2,2,0.9999488068513552,0.9999508520481868,0.9999467616545236,0.5,28805,High (60-80%)
Mira,ladder,4,2,2,0.9999431223003552,0.999951257866869,0.9999349867338412,0.5,43356,High (60-80%)
Mira,pool,4,2,2,0.9999856405367195,0.9999851790014215,0.9999861020720174,0.5,7952,Medium (40-60%)
Mira,potty,4,2,2,0.9999201570377407,0.9998796847597448,0.9999606293157368,0.5,91717,Very High (80-100%)
Mira,shoe,4,2,2,0.9998957821949488,0.9999092497876934,0.9998823146022042,0.5,46712,High (60-80%)
Mira,spoon,8,4,4,0.9998656960938413,0.9998517765882128,0.9998796155994698,0.5,137352,Very High (80-100%)
Mira,bench,5,2,3,0.9999057035044988,0.9999115158809393,0.9999018285868718,0.4,209857,Very High (80-100%)
Mira,car,5,2,3,0.999739910984304,0.9995599849106763,0.9998598617000558,0.4,63488,High (60-80%)
Mira,closet,5,2,3,0.9999417511606791,0.9999706509889512,0.9999224846084978,0.4,4276,Low (20-40%)
Mira,crib,5,2,3,0.9999563141947195,0.9999246412682421,0.9999774294790379,0.4,164037,Very High (80-100%)
Mira,grapes,5,2,3,0.9999030704946539,0.999967163319074,0.9998603419450406,0.4,8793,Medium (40-60%)
Mira,horse,5,2,3,0.9998921896435695,0.9998637530379819,0.9999111473806278,0.4,4946,Low (20-40%)
Mira,mitten,5,2,3,0.9999256908687502,0.9999171048346436,0.9999314148914878,0.4,20933,High (60-80%)
Mira,mouse,5,2,3,0.9998403749726628,0.9996516762903636,0.9999661740941955,0.4,48819,High (60-80%)
Mira,stairs,5,2,3,0.9999546782312678,0.99992014081915,0.9999777031726798,0.4,26809,High (60-80%)
Mira,radio,8,3,5,0.9998056407866842,0.9997576873236611,0.999834412864498,0.375,13673,Medium (40-60%)
Mira,bear,3,1,2,0.999988350883215,0.9999826130965721,0.9999912197765365,0.3333333333333333,405,Very Low (0-20%)
Mira,bee,3,1,2,0.9999392879451185,0.9999376002014643,0.9999401318169456,0.3333333333333333,1283,Low (20-40%)
Mira,bird,3,1,2,0.9998527593745891,0.9997750746679687,0.9998916017278993,0.3333333333333333,3282,Low (20-40%)
Mira,blocks,3,1,2,0.99995392612715,0.9999524226536689,0.9999546778638904,0.3333333333333333,47512,High (60-80%)
Mira,bucket,3,1,2,0.9999331975016563,0.9999406963142645,0.9999294480953522,0.3333333333333333,331606,Very High (80-100%)
Mira,bunny,3,1,2,0.9998530898298262,0.9998511389441888,0.999854065272645,0.3333333333333333,5826,Medium (40-60%)
Mira,bus,3,1,2,0.9999594295098001,0.999926280729112,0.9999760039001442,0.3333333333333333,3021,Low (20-40%)
Mira,dish,3,1,2,0.9999224866104267,0.9999005519153011,0.9999334539579894,0.3333333333333333,2808,Low (20-40%)
Mira,egg,3,1,2,0.9998302233544508,0.999805069226134,0.9998428004186093,0.3333333333333333,32619,High (60-80%)
Mira,elephant,3,1,2,0.9897865889648864,0.9999456239535464,0.9847070714705564,0.3333333333333333,1121,Low (20-40%)
Mira,game,6,2,4,0.9999694805116482,0.9999731497039578,0.9999676459154935,0.3333333333333333,129,Very Low (0-20%)
Mira,glass,3,1,2,0.9999549511654534,0.9999838081227393,0.9999405226868103,0.3333333333333333,10540,Medium (40-60%)
Mira,glove,3,1,2,0.9999594174881931,0.9999445025488165,0.9999668749578814,0.3333333333333333,47813,High (60-80%)
Mira,key,3,1,2,0.9996944428219963,0.9997401554536316,0.9996715865061787,0.3333333333333333,145,Very Low (0-20%)
Mira,kitty,6,2,4,0.9999607933773662,0.9999610188328529,0.9999606806496228,0.3333333333333333,4469,Low (20-40%)
Mira,lamb,3,1,2,0.9999212044763649,0.9998534058873857,0.9999551037708545,0.3333333333333333,11,Very Low (0-20%)
Mira,mop,3,1,2,0.9999459554506908,0.9999304732394746,0.9999536965562987,0.3333333333333333,430,Very Low (0-20%)
Mira,nail,3,1,2,0.9996625295493418,0.99944231773968,0.9997726354541727,0.3333333333333333,22525,High (60-80%)
Mira,pants,3,1,2,0.9999612217377276,0.9999566820244014,0.9999634915943908,0.3333333333333333,20144,Medium (40-60%)
Mira,pen,3,1,2,0.9995675944400744,0.9994970936674634,0.9996028448263798,0.3333333333333333,58431,High (60-80%)
Mira,pizza,6,2,4,0.9998759464661505,0.9998296687185517,0.99989908533995,0.3333333333333333,10657,Medium (40-60%)
Mira,raisin,6,2,4,0.999828442787705,0.9998420072906626,0.9998216605362261,0.3333333333333333,3388,Low (20-40%)
Mira,stick,3,1,2,0.9998274319995978,0.9999116070931243,0.9997853444528345,0.3333333333333333,751,Very Low (0-20%)
Mira,story,3,1,2,0.9999679178670997,0.9999777362474955,0.9999630086769018,0.3333333333333333,1249,Low (20-40%)
Mira,sun,3,1,2,0.9999010064886488,0.9999527827039246,0.9998751183810108,0.3333333333333333,1631,Low (20-40%)
Mira,tissue,3,1,2,0.9998963280447719,0.9998705532040201,0.9999092154651478,0.3333333333333333,56382,High (60-80%)
Mira,bib,4,1,3,0.9999583818846939,0.9999747241358423,0.9999529344676444,0.25,31521,High (60-80%)
Mira,bread,4,1,3,0.9998595455073014,0.9997100252504516,0.999909385592918,0.25,116067,Very High (80-100%)
Mira,chips,4,1,3,0.9999242548285397,0.9999274020618475,0.9999232057507704,0.25,1168,Low (20-40%)
Mira,firetruck,4,1,3,0.9999376097087882,0.9999448997509335,0.9999351796947399,0.25,265,Very Low (0-20%)
Mira,ice,4,1,3,0.9999097518672797,0.9999817951223795,0.9998857374489131,0.25,737,Very Low (0-20%)
Mira,milk,4,1,3,0.9998925136352959,0.9999151731274005,0.9998849604712609,0.25,6478,Medium (40-60%)
Mira,applesauce,5,1,4,0.9999158972438476,0.9999570947611414,0.999905597864524,0.2,323,Very Low (0-20%)
Mira,rooster,5,1,4,0.9998941367351685,0.9999504534508858,0.9998800575562392,0.2,6312,Medium (40-60%)
Mira,butt,6,1,5,0.999951908145637,0.9999752765125915,0.999947234472246,0.16666666666666666,281,Very Low (0-20%)
Mira,meat,6,1,5,0.9999367510058063,0.9999490100513946,0.9999342991966885,0.16666666666666666,2077,Low (20-40%)
Mira,cracker,7,1,6,0.9999100705012487,0.9999202876090922,0.9999083676499414,0.14285714285714285,12305,Medium (40-60%)
Mira,pastry,7,1,6,0.999900943354764,0.999850229171152,0.9999093957186993,0.14285714285714285,193,Very Low (0-20%)
Mira,airplane,3,0,3,0.999975326292915,NA,0.999975326292915,0,3924,Low (20-40%)
Mira,ant,3,0,3,0.9998683376017321,NA,0.9998683376017321,0,117,Very Low (0-20%)
Mira,basement,3,0,3,0.9999869878851815,NA,0.9999869878851815,0,94141,Very High (80-100%)
Mira,beans,4,0,4,0.999950454549914,NA,0.999950454549914,0,315,Very Low (0-20%)
Mira,bubbles,5,0,5,0.9998840076992769,NA,0.9998840076992769,0,12387,Medium (40-60%)
Mira,bug,3,0,3,0.9699455610949468,NA,0.9699455610949468,0,4266,Low (20-40%)
Mira,butter,4,0,4,0.9996865934929916,NA,0.9996865934929916,0,16195,Medium (40-60%)
Mira,cake,4,0,4,0.99984339975257,NA,0.99984339975257,0,61478,High (60-80%)
Mira,camera,3,0,3,0.9998775018347861,NA,0.9998775018347861,0,42917,High (60-80%)
Mira,candy,6,0,6,0.9998888950582415,NA,0.9998888950582415,0,234,Very Low (0-20%)
Mira,cereal,3,0,3,0.9999403875032605,NA,0.9999403875032605,0,1386,Low (20-40%)
Mira,chalk,4,0,4,0.9999599173200764,NA,0.9999599173200764,0,10225,Medium (40-60%)
Mira,cheerios,3,0,3,0.9999643525882503,NA,0.9999643525882503,0,23324,High (60-80%)
Mira,cheese,5,0,5,0.999801173031754,NA,0.999801173031754,0,1328,Low (20-40%)
Mira,chocolate,5,0,5,0.9998898564202627,NA,0.9998898564202627,0,126,Very Low (0-20%)
Mira,coke,3,0,3,0.999887175440099,NA,0.999887175440099,0,15126,Medium (40-60%)
Mira,cow,3,0,3,0.9997469511421223,NA,0.9997469511421223,0,1297,Low (20-40%)
Mira,diaper,4,0,4,0.999916399150663,NA,0.999916399150663,0,79271,Very High (80-100%)
Mira,drink,4,0,4,0.999913340955479,NA,0.999913340955479,0,2560,Low (20-40%)
Mira,flag,5,0,5,0.9998199954932213,NA,0.9998199954932213,0,26893,High (60-80%)
Mira,glue,3,0,3,0.9999299995045314,NA,0.9999299995045314,0,11490,Medium (40-60%)
Mira,goose,5,0,5,0.9998052816353814,NA,0.9998052816353814,0,83,Very Low (0-20%)
Mira,hammer,3,0,3,0.9998910397730859,NA,0.9998910397730859,0,6761,Medium (40-60%)
Mira,jello,4,0,4,0.999820738119061,NA,0.999820738119061,0,55029,High (60-80%)
Mira,jelly,4,0,4,0.9999186568044581,NA,0.9999186568044581,0,14976,Medium (40-60%)
Mira,juice,3,0,3,0.9997765680559996,NA,0.9997765680559996,0,778,Very Low (0-20%)
Mira,lollipop,5,0,5,0.9997899642737402,NA,0.9997899642737402,0,5457,Medium (40-60%)
Mira,medicine,6,0,6,0.9505018841358612,NA,0.9505018841358612,0,162,Very Low (0-20%)
Mira,moose,3,0,3,0.9999139926668488,NA,0.9999139926668488,0,19,Very Low (0-20%)
Mira,nut,4,0,4,0.9997082852821657,NA,0.9997082852821657,0,1336,Low (20-40%)
Mira,owie,5,0,5,0.8563447214715348,NA,0.8563447214715348,0,50,Very Low (0-20%)
Mira,penis,5,0,5,0.9998823411316856,NA,0.9998823411316856,0,4714,Low (20-40%)
Mira,penny,3,0,3,0.9996974989934138,NA,0.9996974989934138,0,537,Very Low (0-20%)
Mira,popcorn,3,0,3,0.999931708378537,NA,0.999931708378537,0,10374,Medium (40-60%)
Mira,pretzel,4,0,4,0.9998596827923952,NA,0.9998596827923952,0,5130,Low (20-40%)
Mira,pudding,4,0,4,0.9998002917302903,NA,0.9998002917302903,0,12030,Medium (40-60%)
Mira,sheep,4,0,4,0.9999812177298512,NA,0.9999812177298512,0,728,Very Low (0-20%)
Mira,sled,3,0,3,0.999959258675082,NA,0.999959258675082,0,42817,High (60-80%)
Mira,snowman,3,0,3,0.9998541644183654,NA,0.9998541644183654,0,29969,High (60-80%)
Mira,snowsuit,5,0,5,0.9999828693368612,NA,0.9999828693368612,0,529,Very Low (0-20%)
Mira,soda,5,0,5,0.9999326791553266,NA,0.9999326791553266,0,728,Very Low (0-20%)
Mira,squirrel,4,0,4,0.9998497988949003,NA,0.9998497988949003,0,11219,Medium (40-60%)
Mira,telephone,3,0,3,0.9997894550198767,NA,0.9997894550198767,0,32088,High (60-80%)
Mira,tights,5,0,5,0.9999557843582416,NA,0.9999557843582416,0,28810,High (60-80%)
Mira,tongue,3,0,3,0.9997927284080567,NA,0.9997927284080567,0,367,Very Low (0-20%)
Mira,tractor,6,0,6,0.9998892513341411,NA,0.9998892513341411,0,3726,Low (20-40%)
Mira,turtle,6,0,6,0.9999044365100294,NA,0.9999044365100294,0,40,Very Low (0-20%)
Mira,vagina,8,0,8,0.9999718069367939,NA,0.9999718069367939,0,52,Very Low (0-20%)
Mira,vitamin,7,0,7,0.9998993533634895,NA,0.9998993533634895,0,90,Very Low (0-20%)
Mira,wolf,5,0,5,0.999902566990511,NA,0.999902566990511,0,3809,Low (20-40%)
