,alligator,apple,ball,balloon,banana,basket,bathtub,bed,belt,bench,bib,bird,blanket,boat,book,bottle,bowl,box,bread,broom,bucket,butterfly,can,car,cat,chair,clock,closet,couch,cracker,crayon,crib,cup,dish,dog,doll,door,drawer,egg,face,finger,fish,flower,fork,frog,glass,glasses,glove,gum,hair,hand,hat,horse,hose,jar,knife,ladder,lamp,milk,mitten,motorcycle,muffin,napkin,necklace,orange,oven,pajamas,paper,pen,pencil,pillow,pizza,plant,plate,pony,pumpkin,purse,refrigerator,rooster,scissors,shirt,shoe,shovel,sink,slipper,soup,spoon,table,tape,toe,towel,toy,tray,vacuum,watch,window
alligator,0.0,0.86132234,1.0275128,1.0157876,0.90167767,1.0926887,1.165185,1.059292,1.0033686,1.0328041,0.97992796,0.8985323,0.99444234,0.83952427,1.067201,1.0799439,1.0411856,1.1096972,1.0236171,1.0881133,1.0998628,0.8895202,1.110777,0.8773962,0.93400717,1.1209077,1.0360755,1.123699,1.0863186,1.1009144,1.0168402,1.0753921,1.0930027,1.1183493,0.81294805,0.8644337,1.1050885,1.1057351,0.9098015,1.0469745,1.0846252,0.9185545,0.9380583,1.0588682,0.587098,0.97329473,0.98935574,1.1251606,1.1133898,1.1153059,1.0488855,0.90431184,1.0606475,1.0908185,1.0251046,0.9294071,1.1209258,1.0521264,1.0842608,1.0104109,0.8154662,0.96877676,0.84876084,0.98965204,0.97514653,1.1159488,1.0435591,0.9659809,0.9802641,0.9977045,0.98989064,0.85321677,0.7702595,1.057072,0.8969972,0.89143604,1.0073222,1.1149273,1.0358602,0.8531699,1.1323045,0.9496582,0.9421493,1.0460644,1.0761172,1.0616949,0.967208,1.115037,1.0025088,1.1324948,0.9099309,0.92428774,1.0463113,1.1634793,1.0889503,1.016753
apple,0.86132234,0.0,0.8185121,0.85775757,0.5696504,1.311759,1.3501229,1.3894414,0.9505742,1.2689018,1.200052,0.82427317,1.3436413,0.8264746,1.1416559,0.87680924,0.79043096,1.3751944,1.1429248,1.0264943,1.0110575,0.88720715,0.9430428,0.9338856,0.9437797,1.1074389,0.7771539,1.3134499,1.3781618,1.2202201,0.7598088,1.3729017,0.9468598,1.1592665,0.9362971,0.8709331,1.1060352,1.0277224,0.34235,0.8877511,0.84399796,1.0773954,1.0043935,1.0721424,0.8623286,1.126698,0.89356995,0.9155585,0.917341,1.2197831,1.204628,0.62734747,0.7321038,1.3017833,1.188771,0.8871986,1.3781347,1.0389501,0.95209694,1.1730392,0.9818303,1.0572993,0.99813336,0.92431146,0.28937525,1.0590663,1.2447069,0.95915693,0.7836534,0.78915715,1.2010245,1.1739674,1.037544,0.9890706,0.91733044,0.24398601,0.92806846,1.1544732,0.8615882,0.7027732,1.270404,0.83232486,1.1420565,0.9232492,0.87660676,0.8851235,0.97991544,1.2670397,0.83569336,0.93364614,1.2589343,0.8576702,1.0555587,0.9794788,0.8926601,1.3157086
ball,1.0275128,0.8185121,0.0,0.16388088,1.137864,1.1247423,1.0667472,0.9598491,1.2900357,1.1672761,0.866703,1.0896024,0.95083785,0.94767976,0.9638439,1.154811,1.1268609,1.0426137,1.1064041,1.0952076,0.8842345,1.0141851,1.2376884,0.9445169,0.89538413,1.1689343,0.96529394,1.0499824,1.0283047,1.0828578,1.2055944,1.0974644,1.2017249,0.70095015,0.731315,0.809257,1.2235892,1.1202753,1.0228039,0.8737441,1.1877524,1.1626365,0.9041188,0.94356996,0.8050927,0.7707604,0.92774206,1.088917,0.7100101,0.9279256,1.0389483,1.0071865,1.1642829,0.9452533,1.0304022,1.3414971,1.1147286,1.0665878,0.83656174,0.93683136,0.838672,1.1334358,1.1008226,0.9204521,1.0643258,1.0386924,1.0006058,1.2395284,1.2080038,1.1755106,1.2105849,1.0932019,0.95542586,0.86199814,1.0646847,0.81525195,0.59446335,1.0568374,0.9623616,1.1072102,0.9860229,1.0034097,1.1378121,1.2396767,1.1560588,1.1823875,1.1650264,0.93961984,1.1908684,1.2534268,0.9771645,0.5421097,0.90364414,1.1627903,1.2509005,1.1487924
balloon,1.0157876,0.85775757,0.16388088,0.0,0.99942386,1.1862099,1.0703838,1.0110892,1.1529863,1.1037257,0.9021198,1.0329728,1.031582,0.9847282,1.0106295,1.1216364,1.1205833,1.1136569,1.153224,1.0210093,1.0276073,1.0024028,1.1727147,1.0115132,0.8811282,1.1060904,0.9128827,1.0687146,1.0478039,1.1134579,1.0229876,1.1166697,1.2239872,0.81356114,0.9122823,0.99313414,1.0884342,1.0660105,0.9431672,0.9873678,1.0190283,0.9806078,0.84767485,1.002413,0.93105257,0.7948521,1.0332296,1.0191488,0.7318237,0.944242,0.94918305,0.9455411,1.0772254,1.0062149,1.1265516,1.2274109,1.1177275,0.9706264,0.97100043,1.0111966,1.0076158,1.1931473,1.0824062,0.8186998,0.9895375,1.0866777,0.9750844,1.1480708,1.0621109,0.9940199,1.0455794,1.0801533,0.9785874,0.80210006,1.0144774,0.88979053,0.75562334,1.0950031,0.92639416,1.0334561,0.95740163,1.0709292,1.1294255,1.1191341,0.9956159,1.0544192,1.1626409,1.0235878,1.1202145,1.0129185,0.9825689,0.7838623,0.9796444,1.0934081,1.1037246,1.0603572
banana,0.90167767,0.5696504,1.137864,0.99942386,0.0,1.2940457,1.3661594,1.41708,0.57479143,1.1801387,1.2178435,0.71023166,1.3439038,0.7603167,1.2772961,0.71892124,0.7148349,1.4751055,1.261486,0.9252363,1.2675445,0.7017975,0.78029,0.93878055,0.9635841,0.95039606,0.8563969,1.329887,1.4064422,1.2791009,0.44468784,1.4062774,0.8851724,1.2923267,1.1272004,1.0677483,0.96041083,0.88467836,0.44281244,1.0688,0.7908015,0.7428136,1.040936,1.2357434,0.96468836,1.2936133,0.97053087,0.63454926,0.9926393,1.2211763,1.2519324,0.40129936,0.48333657,1.2879925,1.2665863,0.64276886,1.3596904,1.0715388,1.1835804,1.1536641,1.1624591,1.1145678,0.9927958,0.8889941,0.40885204,1.1176181,1.2138989,0.7627933,0.41728336,0.532321,1.0358046,1.1346843,1.1876855,0.9330854,0.81987584,0.9820332,1.0284629,1.1335536,0.7921475,0.33644766,1.2692597,0.7868451,1.055862,0.7000263,0.6487307,0.72126216,0.97620845,1.4140694,0.65006703,0.71346486,1.2365963,1.1056747,1.2041843,0.73413396,0.6025497,1.2582463
basket,1.0926887,1.311759,1.1247423,1.1862099,1.2940457,0.0,0.8816628,0.80731165,1.0789989,0.8210732,0.88703406,1.19912,0.79465425,1.0721015,0.941372,1.0635862,1.0709275,0.65367264,0.92132646,1.1138834,0.80499417,1.1251534,1.0249277,0.9859096,1.0795183,0.7987741,1.1530577,0.7135763,0.78507423,0.8595431,1.2329223,0.323591,0.9674713,0.97543555,1.0257486,1.0987312,0.9323257,1.0800838,1.3433161,1.1758375,1.243344,1.1396475,0.9881625,0.82325053,1.1220926,0.9043049,0.990719,1.0863551,1.0631235,0.89915586,0.96630126,1.3076068,1.2254821,0.8767515,0.7853259,1.1114539,0.6379058,1.0525663,0.8776757,0.8603761,0.8908603,0.9421019,1.0681648,1.1543212,1.3222497,0.70783794,0.96697223,1.13388,1.2320974,1.2676141,1.040264,0.99039894,0.8793264,1.0800192,1.0730473,1.2000982,0.92792165,0.67617464,1.1428525,1.1881137,0.9231472,1.0832715,0.94738996,1.0534127,1.2831109,1.1290406,1.0104249,0.8126708,1.2484422,1.2018363,0.9308006,1.0957887,1.1044602,1.0018091,1.2627189,0.8726038
bathtub,1.165185,1.3501229,1.0667472,1.0703838,1.3661594,0.8816628,0.0,0.32633078,1.0790653,0.6448178,0.8319912,1.261457,0.6240751,1.2975359,0.8074857,1.1802962,1.2471814,0.73685527,0.9686889,1.1013759,1.1099746,1.2001774,1.2412081,1.2048309,1.0623852,1.0350324,1.1168063,0.56393206,0.45531636,0.9178887,1.2656573,0.6045622,1.2332317,0.92993206,1.1246831,1.2096916,1.032057,1.0041828,1.3281249,1.0825293,1.0977708,0.83732724,1.0175157,0.973503,1.2366009,0.72626036,1.2195318,1.0432774,1.089717,0.6167206,0.8951489,1.4290955,1.3552247,0.7373538,0.99004513,1.2219778,0.5990921,0.83484733,1.1045313,0.92424613,1.1290431,1.1006968,1.1169357,1.1493442,1.3659601,1.1852865,0.69927984,1.0459503,1.2856867,1.2411203,0.8489419,0.9417062,0.8921108,1.0874887,1.2932143,1.2249153,1.1545908,1.048232,1.190668,1.3482468,0.37367058,1.1613594,0.9395327,1.0801182,1.07429,1.1463809,1.1280444,0.66528475,1.1942923,1.0834525,0.8811414,1.2345766,0.8563052,1.2625422,1.0982801,0.65430033
bed,1.059292,1.3894414,0.9598491,1.0110892,1.41708,0.80731165,0.32633078,0.0,1.1501695,0.67158985,0.6989109,1.2768722,0.3901204,1.3132192,0.8206246,1.193915,1.310133,0.6628876,0.9487477,1.1458719,1.0756346,1.2054883,1.321672,1.2296565,1.0717417,0.9986389,1.1994883,0.49528491,0.23432201,0.8394094,1.3928406,0.5188505,1.2616186,0.9269022,1.0815305,1.198436,1.1216301,1.0342978,1.3985362,1.1611421,1.254105,0.8063816,1.0148116,0.9748378,1.2251558,0.6761415,1.149784,1.1139385,1.041443,0.73889756,0.8940505,1.5062943,1.3821273,0.6340586,0.9136229,1.2676502,0.52803344,0.9202564,1.0892042,0.8025284,1.1263267,1.050238,1.11476,1.108722,1.4328957,1.202594,0.65939844,1.1189557,1.3575312,1.3409655,0.8852936,0.90328825,0.8721564,1.1721057,1.2572868,1.2523514,1.0346487,0.998383,1.2286453,1.3231238,0.590071,1.1371431,0.8847699,1.2022884,1.1345564,1.1465068,1.1641425,0.5871111,1.2958574,1.202865,0.7495179,1.1599728,0.8963928,1.2451447,1.1570574,0.73461425
belt,1.0033686,0.9505742,1.2900357,1.1529863,0.57479143,1.0789989,1.0790653,1.1501695,0.0,0.740789,1.396698,0.8346839,1.1979192,0.92728186,1.2029173,0.6353464,0.7063444,1.3575832,1.2483069,0.87596846,1.3325727,0.8039994,0.58332586,1.008483,1.0062658,0.61692274,0.85584366,1.2002103,1.1509602,1.259591,0.4376558,1.1241798,0.85548425,1.3681512,1.3509007,1.2589805,0.5671931,0.8574245,0.6106229,1.1647334,0.8442947,0.767635,1.0829818,1.3047652,1.1757674,1.2759687,1.0497602,0.7400323,1.1189039,1.2633793,1.2690345,0.6827052,0.58170104,1.2613049,1.3193995,0.6446352,1.1200526,0.9042999,1.2833177,1.2210195,1.1902645,1.0746809,0.9693029,0.91455984,0.6823965,0.94851947,1.2300344,0.36705494,0.41257763,0.47568935,0.796901,1.0076424,1.1682739,0.89396095,0.93143076,1.1894605,1.1966231,1.0754429,0.84122425,0.6310542,1.238563,0.8586706,1.0602627,0.3985545,0.70094454,0.7842374,1.0629443,1.3491802,0.6573631,0.6913431,1.1726903,1.2947093,1.2347598,0.71943474,0.46836954,0.95073086
bench,1.0328041,1.2689018,1.1672761,1.1037257,1.1801387,0.8210732,0.6448178,0.67158985,0.740789,0.0,1.0816402,1.0561497,0.9098422,1.2544482,0.936957,1.2318661,1.1512471,0.8073838,1.1165831,0.88545674,1.2267178,0.9996472,0.880425,1.1615498,0.8311224,0.5632159,1.1800957,0.6579768,0.47718787,1.0588164,0.9478119,0.6489531,1.1569933,1.1624397,1.222493,1.3504403,0.658782,0.8525306,1.2194633,1.2307422,0.98617834,0.864279,0.9832822,1.1386057,1.2376755,0.96781844,1.218458,0.8937781,1.0341488,0.99174863,0.88996255,1.2443148,1.2205188,0.8463862,1.1495049,1.0208814,0.5812959,0.98795027,1.2796197,1.0249964,1.2054297,1.1088244,1.0950681,1.0170984,1.281246,0.8687626,0.9189364,0.83643806,1.1920288,1.0697751,0.42472136,0.89893997,1.0335305,0.90007895,1.0531226,1.2487067,1.0447401,1.0329669,0.86550826,1.0616186,0.9245227,1.1687847,0.94238067,0.73644143,0.83543384,0.80392915,1.1712201,0.92409503,0.9814952,0.88669276,0.84791803,1.324948,1.0475829,0.98646516,1.0281569,0.6862367
bib,0.97992796,1.200052,0.866703,0.9021198,1.2178435,0.88703406,0.8319912,0.6989109,1.396698,1.0816402,0.0,1.1609831,0.66925824,1.1181958,1.0335833,1.2792841,1.2764297,0.85305405,0.9446221,1.0568881,0.990896,1.2130885,1.2675763,1.1196877,1.0430502,1.232448,1.0907954,0.78975457,0.71266603,0.62754154,1.3324974,0.82889915,1.2065398,0.8944227,0.9464574,1.0762928,1.1904914,1.1556561,1.2885648,1.1574206,1.098124,0.92513174,0.8085861,0.8819523,1.1497791,0.8747407,1.0269206,0.9635243,0.83652294,0.80543673,0.7798982,1.3411217,1.293071,0.8544095,0.8733754,1.2299788,0.84076464,1.0056752,0.99303067,0.4721042,1.0889384,1.01441,1.0354462,0.9136451,1.302151,1.1872864,0.59590787,1.3139629,1.3283653,1.2593629,0.9875763,0.8654519,0.8426713,1.1060456,1.1582553,1.0961701,0.8598422,1.0331066,1.1369743,1.1414837,0.640312,1.0510993,0.891757,1.3897572,1.1251283,1.090604,1.0711293,0.86006343,1.2649093,1.1327318,0.62116474,1.0485011,1.0701308,1.1889763,1.2351981,0.96752965
bird,0.8985323,0.82427317,1.0896024,1.0329728,0.71023166,1.19912,1.261457,1.2768722,0.8346839,1.0561497,1.1609831,0.0,1.290185,0.6941514,1.2040054,0.96953773,0.9091899,1.3041966,1.1330795,0.7581241,1.1541653,0.6838045,0.85672843,1.0488132,0.8422435,0.89802355,0.88576424,1.2179824,1.2769977,1.2067001,0.6966231,1.2231964,0.9736715,1.1720351,1.0374206,1.033959,0.8923022,0.9952006,0.7915724,1.0333608,0.8815803,1.0385447,1.0979067,1.0173378,0.93588436,1.2187392,0.87480986,0.92940944,1.0660646,1.2877088,1.0582368,0.7155926,0.794482,1.1757885,1.2101979,0.75241673,1.1935637,1.0411249,1.0916458,1.1520311,1.0705758,1.1037109,0.9806298,0.88483906,0.79358745,0.9678289,1.1627488,0.9731231,0.74702454,0.69819474,1.0945761,1.0308788,1.154027,1.01724,0.63796973,0.90405905,0.99459136,1.0185134,0.77984285,0.7097376,1.2442262,0.8929195,1.0242659,0.844131,0.86706793,0.86902887,0.9714798,1.2895031,0.83843094,0.9568547,1.0762811,1.0300033,1.090721,0.7675562,0.8952108,1.1209677
blanket,0.99444234,1.3436413,0.95083785,1.031582,1.3439038,0.79465425,0.6240751,0.3901204,1.1979192,0.9098422,0.66925824,1.290185,0.0,1.2137836,0.8912933,1.1310673,1.2711743,0.8324258,1.0255312,1.1104177,1.0235543,1.2067391,1.3171408,1.1248591,1.0089719,1.0962408,1.2816087,0.5482111,0.49690932,0.85588896,1.3319092,0.6751561,1.2028701,0.8846128,0.98625004,1.1282079,1.2036072,1.1320618,1.3633074,1.1196404,1.2371566,0.86325467,0.9029611,1.0193968,1.153551,0.8230411,0.9604143,1.0131758,0.9153205,0.7362875,0.944273,1.4003506,1.3234761,0.7225412,0.90994775,1.3159542,0.75942653,1.0147899,1.0176568,0.77209467,1.0677621,1.0052036,0.9128528,1.1320949,1.3712796,1.1578946,0.7208203,1.1244531,1.3057162,1.2949698,0.90113497,0.81796896,0.8759366,1.1102886,1.1530917,1.1633601,0.956343,1.0114863,1.1500585,1.2959316,0.70184803,1.1172261,1.004696,1.1909077,1.1808009,1.2663562,1.1638705,0.68120086,1.3167061,1.1805043,0.4928459,1.07744,0.9445983,1.2431169,1.1839725,0.85167855
boat,0.83952427,0.8264746,0.94767976,0.9847282,0.7603167,1.0721015,1.2975359,1.3132192,0.92728186,1.2544482,1.1181958,0.6941514,1.2137836,0.0,1.1274526,0.8090471,0.76369274,1.2715013,1.2338768,0.92340314,0.91015685,0.7263875,0.9175527,0.73249763,0.9697236,0.98306334,0.8168632,1.291509,1.3627027,1.3339474,0.75707835,1.1369971,0.87493426,1.0579472,0.89108896,0.7643789,0.9696639,1.1516039,0.77518296,1.0038764,1.162286,1.2787815,1.1515461,0.96781003,0.7346078,1.0710537,0.7002769,1.0317125,0.9530025,1.2686496,1.2779851,0.60484445,0.80521846,1.2698212,1.1068057,0.94754547,1.2354671,1.0473061,0.78776884,1.2383116,0.7093672,0.9551352,0.9851909,0.86322486,0.78475976,0.80303866,1.3066204,0.985288,0.75876456,0.8260007,1.3425324,1.196033,1.0597844,0.94863653,0.79341775,0.88310564,0.91688,0.7602732,0.8858454,0.7451375,1.2746851,0.7786452,1.1312027,0.9180458,1.2422836,1.1331446,0.9764267,1.1861818,1.0003887,1.2295289,1.2757872,0.73843086,1.1521581,0.7618768,1.1092744,1.0426502
book,1.067201,1.1416559,0.9638439,1.0106295,1.2772961,0.941372,0.8074857,0.8206246,1.2029173,0.936957,1.0335833,1.2040054,0.8912933,1.1274526,0.0,1.0863246,1.1709224,0.5328189,0.949547,1.2155484,1.0699352,1.1756506,1.2412238,0.79150516,1.1776397,1.1630467,1.2740426,0.89793694,0.86305046,1.0162584,1.1981407,0.96038276,1.1288273,0.7532146,0.7782036,0.6451469,1.2443295,1.0324024,1.1672955,0.8524458,1.143454,0.9812278,1.2625728,1.0102757,0.6760901,0.52145004,1.1535084,1.1564466,1.1900667,0.8825795,0.805911,1.1213611,1.2504935,0.8840438,0.9822525,1.2475669,0.94363874,1.0404465,1.0447763,1.0832993,0.7889501,1.0137435,1.1362396,1.2631414,1.2348133,1.0492952,0.9548356,1.0938721,1.1893374,1.2380936,1.0815591,1.0231638,1.1067417,1.1542523,1.3061335,1.0708777,1.1119723,1.0731469,1.2617593,1.2823071,0.8009413,1.2247074,1.0492709,1.0109205,1.1732707,1.1801033,1.084234,0.27539432,1.2010553,1.1907256,1.0138819,0.64731395,0.4594924,1.2452917,1.1534061,1.0527763
bottle,1.0799439,0.87680924,1.154811,1.1216364,0.71892124,1.0635862,1.1802962,1.193915,0.6353464,1.2318661,1.2792841,0.96953773,1.1310673,0.8090471,1.0863246,0.0,0.49476737,1.259259,1.1124052,1.083896,0.80708903,1.073991,0.6476588,0.9125766,1.2443544,0.75901306,0.9306381,1.1965878,1.234069,1.1986163,0.4987517,1.14803,0.4178189,1.1026906,1.2222385,1.0485775,0.79030484,1.1905887,0.5766896,1.0364314,1.0948815,0.9409169,1.2649295,1.0578502,1.1008518,1.1135522,0.9390001,0.77827024,1.1804304,1.1684451,1.3215588,0.60332865,0.41081917,1.232785,1.0288815,1.0843141,1.1993626,0.96080244,0.719857,1.2186514,0.97885305,0.9151582,1.0476061,1.137772,0.5881421,0.8204846,1.2971606,0.67276573,0.32236207,0.74368864,1.3434315,1.1614231,1.0674441,0.9473169,0.9988476,1.0545301,1.167554,0.77304745,1.0371062,0.9771224,1.1953359,0.9187823,1.3485063,0.3620755,1.1429898,1.2562425,1.0736485,1.1591296,1.0165511,1.0334678,1.3460972,1.0769731,1.1817722,0.6563685,0.53956664,1.0701392
bowl,1.0411856,0.79043096,1.1268609,1.1205833,0.7148349,1.0709275,1.2471814,1.310133,0.7063444,1.1512471,1.2764297,0.9091899,1.2711743,0.76369274,1.1709224,0.49476737,0.0,1.2345033,1.0200044,1.0533569,0.7692872,0.97838897,0.62499374,0.8918999,1.1516304,0.8607471,0.8513038,1.3609414,1.3678969,1.1428663,0.7383281,1.2642739,0.4864958,1.0268054,1.2176975,1.0890232,0.9718007,1.1826113,0.71669704,1.0909693,1.0407712,1.140518,1.3177512,0.8396273,1.0365216,1.1306729,0.8785725,0.93695873,1.1734318,1.3149858,1.2694333,0.6550045,0.5854982,1.2514689,0.92901963,0.7636689,1.2949315,0.8854219,0.7990848,1.2666954,0.931978,0.8396206,0.8896487,1.077127,0.6563898,0.7927798,1.4085698,0.7024517,0.5741465,0.80208546,1.243309,1.1399163,1.1366491,0.70376736,0.9492613,0.89971703,1.0622246,0.91162205,0.9853086,0.768459,1.2657658,0.9865467,0.9969339,0.56615746,1.1539702,0.9889156,0.6400131,1.1443493,0.61046106,1.1228619,1.2732761,1.10761,1.1941515,0.86002904,0.8158624,1.2113012
box,1.1096972,1.3751944,1.0426137,1.1136569,1.4751055,0.65367264,0.73685527,0.6628876,1.3575832,0.8073838,0.85305405,1.3041966,0.8324258,1.2715013,0.5328189,1.259259,1.2345033,0.0,0.4837982,1.3730156,0.72045267,1.2628872,1.1401939,0.9071782,1.1366884,1.0642489,1.3535936,0.624958,0.69121885,0.61556983,1.4838985,0.69741786,0.97535896,0.7917001,0.9061893,0.927198,1.1211195,0.93742275,1.5148621,1.0020573,1.2991016,1.0870359,1.0643368,0.9505269,0.95877033,0.6924332,1.2264768,1.263876,1.1327441,0.8613717,0.83429337,1.5071229,1.4388617,0.75701636,0.5094002,1.21344,0.6450013,1.0705386,0.92342544,0.8557678,0.90354013,0.8509246,1.0661937,1.2678767,1.5290496,0.93608665,0.8531482,1.2543557,1.5350025,1.5484115,0.98799103,0.93601847,0.9399291,1.1337061,1.3014741,1.1744015,0.99443823,0.8659515,1.2999314,1.3839504,0.78981376,1.2900352,0.7613287,1.2488925,1.3027827,1.0437219,0.90626264,0.457762,1.2829734,1.2727817,0.8882134,0.9178453,0.7076163,1.2411945,1.4332609,0.8574257
bread,1.0236171,1.1429248,1.1064041,1.153224,1.261486,0.92132646,0.9686889,0.9487477,1.2483069,1.1165831,0.9446221,1.1330795,1.0255312,1.2338768,0.949547,1.1124052,1.0200044,0.4837982,0.0,1.2652283,0.6107638,1.2038727,1.0386435,1.0225457,1.0767381,1.213433,1.1829076,0.9818063,1.0456935,0.30226612,1.268281,1.0348985,0.7835812,0.9165727,1.0464666,1.0382133,1.1749384,0.9718253,1.2573696,0.97670186,1.0937796,1.1233692,0.9447479,0.86982185,1.074565,0.9696982,1.2205856,1.2330174,1.0788625,0.9539861,0.9529791,1.3497082,1.2198386,1.0150614,0.38459778,0.89827317,0.96082735,1.0916518,0.89092386,0.8464713,1.0420549,0.6364133,0.9145242,1.14429,1.2174021,1.0936327,0.9921465,1.0755379,1.2814888,1.3141344,1.1383637,0.94735104,0.9477595,1.0639036,1.160051,1.0071924,1.130634,0.9867085,1.1669449,1.296815,0.94884163,1.2346536,0.65131986,1.2006679,1.1756239,0.9193985,0.60856503,0.84946245,1.1109246,1.1319969,0.9949205,1.0951865,0.94015163,1.2742741,1.2650168,1.0734991
broom,1.0881133,1.0264943,1.0952076,1.0210093,0.9252363,1.1138834,1.1013759,1.1458719,0.87596846,0.88545674,1.0568881,0.7581241,1.1104177,0.92340314,1.2155484,1.083896,1.0533569,1.3730156,1.2652283,0.0,1.2200531,0.8834449,0.7795153,1.2123513,0.9657235,0.8881186,0.84059644,1.098568,1.0853902,1.2054995,0.7457882,1.0283616,1.047911,1.1179221,1.2051591,1.170819,0.7103157,0.9195282,0.9026971,1.1792057,0.74217427,0.98364717,1.0141195,1.0250067,1.1341681,1.2379762,0.8049545,0.9647201,0.8248453,1.1901395,0.96081394,0.85875595,0.82795334,0.91727585,1.2258046,0.7439399,0.9874855,0.9095653,1.2126634,1.1142256,1.1593657,1.0456545,1.1255366,0.82442796,0.8777155,0.86668706,1.0034814,1.0649434,0.76870096,0.57400835,0.82688296,1.046506,1.0930667,0.90506864,0.7618911,1.003988,1.0346861,1.0311725,0.85978913,0.7998889,1.1831206,0.8515571,1.0566263,0.967625,0.71725625,0.8722384,1.0326039,1.2411044,0.8375082,0.6863922,1.1065233,1.1515219,1.2190595,0.59084255,0.7317908,0.93637264
bucket,1.0998628,1.0110575,0.8842345,1.0276073,1.2675445,0.80499417,1.1099746,1.0756346,1.3325727,1.2267178,0.990896,1.1541653,1.0235543,0.91015685,1.0699352,0.80708903,0.7692872,0.72045267,0.6107638,1.2200531,0.0,1.2254676,0.8517485,0.98046577,1.123503,0.96877855,1.0204829,1.0461082,1.137769,0.7895285,1.2562633,0.92974436,0.6041647,0.78792006,1.002769,0.9559622,1.1045302,1.1718324,1.1628251,0.9478652,1.23227,1.4418283,1.1441301,0.8060901,1.0339806,0.92646295,0.9183531,1.2769797,1.073863,1.0985526,1.1501162,1.1921184,1.1355183,1.0003096,0.40731728,1.1695443,1.0451343,0.9245633,0.22053957,1.04178,0.8469796,0.6879682,0.83129287,1.1517646,1.1506534,0.7648934,1.2432082,1.1141952,1.2348524,1.296314,1.3323305,0.9650355,0.9441649,0.89799875,1.1254708,0.8264771,0.88153166,0.74480784,1.1890693,1.3186538,1.0914798,1.1170018,1.0149095,1.1557636,1.3887343,1.255417,0.80031806,0.9320197,1.0850456,1.3370302,1.093118,0.89241195,1.0603514,1.0802753,1.3765008,1.0458794
butterfly,0.8895202,0.88720715,1.0141851,1.0024028,0.7017975,1.1251534,1.2001774,1.2054883,0.8039994,0.9996472,1.2130885,0.6838045,1.2067391,0.7263875,1.1756506,1.073991,0.97838897,1.2628872,1.2038727,0.8834449,1.2254676,0.0,0.91829044,0.9814086,0.85434747,1.003816,0.89221686,1.1222491,1.210979,1.3088677,0.80439997,1.2169878,1.0946492,1.215118,0.88978654,0.9319915,0.9529176,0.9126684,0.8570907,1.0395963,1.0637201,1.023487,0.9584966,1.1773634,0.7404963,1.225882,0.84194857,0.95945495,1.0772247,1.1980323,1.1671298,0.7405758,0.87572086,1.1195556,1.2220361,0.7792345,1.1181862,1.1042023,1.1556202,1.1955626,0.8302171,1.0777763,0.9382847,0.8302563,0.9035099,0.9298165,1.0609598,0.83673567,0.875715,0.9089403,1.0081644,1.1907495,1.0315212,0.97008204,0.6201397,1.028677,0.91962194,1.0896567,0.64482164,0.5977049,1.1999435,0.7845664,0.9309062,0.9346963,0.9132776,0.8236892,0.9978486,1.1894618,0.8722874,1.0785398,1.0879915,0.9021783,1.1313702,0.8480567,0.99472433,1.0963049
can,1.110777,0.9430428,1.2376884,1.1727147,0.78029,1.0249277,1.2412081,1.321672,0.58332586,0.880425,1.2675763,0.85672843,1.3171408,0.9175527,1.2412238,0.6476588,0.62499374,1.1401939,1.0386435,0.7795153,0.8517485,0.91829044,0.0,1.033971,1.1603899,0.59541196,0.83491683,1.1922243,1.2187355,1.1377665,0.5219571,1.1455721,0.24469149,1.1681819,1.3432672,1.1569874,0.5514524,0.93375283,0.67689395,1.1027415,0.87025297,1.0956012,1.1735852,1.1793826,1.1967533,1.2966025,0.9046346,0.7515299,1.1509849,1.3310986,1.2506633,0.7084437,0.5488908,1.2334471,0.95554507,0.74499315,1.1265554,0.95453477,1.0439487,1.2731391,1.1661317,0.92979884,1.0772798,0.9983849,0.6892617,0.7457763,1.3153799,0.74595386,0.6007209,0.6637522,0.9395627,1.0947279,1.1581255,0.78938127,0.8629133,1.1065763,1.0402721,0.90199244,0.9807432,0.8324652,1.3048701,0.892105,1.169618,0.5845763,0.9075891,0.9149933,0.9803125,1.3016824,0.6485099,0.84169734,1.2987471,1.1750984,1.223904,0.47485125,0.7316289,1.0568762
car,0.8773962,0.9338856,0.9445169,1.0115132,0.93878055,0.9859096,1.2048309,1.2296565,1.008483,1.1615498,1.1196877,1.0488132,1.1248591,0.73249763,0.79150516,0.9125766,0.8918999,0.9071782,1.0225457,1.2123513,0.98046577,0.9814086,1.033971,0.0,1.0802792,0.9887637,1.132783,1.1786809,1.2346699,1.063661,1.0080395,1.102027,0.95368356,0.90176517,0.6849319,0.5919823,1.0454208,1.0514371,0.9738978,0.832273,1.1560445,1.1888742,1.0832801,1.0464466,0.58270526,0.99386466,1.0056927,1.1072588,1.0995327,1.1383879,1.1170936,0.81120455,0.9118303,1.1064963,1.0083741,1.0946587,1.1173171,1.122369,0.92623514,1.0841885,0.4597162,1.0284258,1.0123683,1.1261566,0.96731126,0.88561296,1.1787162,1.0735209,0.9629436,1.0584246,1.211832,1.0839238,0.99994725,0.9895208,0.9776673,1.0097662,1.0008279,0.86892915,1.0926075,0.95952874,1.1452239,1.0601741,1.1403873,0.9234885,1.2636341,1.1645732,1.0163229,0.9501196,1.0841341,1.1668315,1.159744,0.5525652,0.8989033,0.9722425,1.104616,1.0375293
cat,0.93400717,0.9437797,0.89538413,0.8811282,0.9635841,1.0795183,1.0623852,1.0717417,1.0062658,0.8311224,1.0430502,0.8422435,1.0089719,0.9697236,1.1776397,1.2443544,1.1516304,1.1366884,1.0767381,0.9657235,1.123503,0.85434747,1.1603899,1.0802792,0.0,0.96866393,1.0363859,1.0367191,0.9276059,1.0826519,1.0338513,1.0282471,1.2385247,1.133826,0.81279254,1.1812164,0.9503329,1.0533272,1.0986265,1.131404,0.95881224,0.92820233,0.5565965,1.1621134,1.0800256,1.1123937,1.0547171,0.9913245,0.7830055,1.0271865,1.0002382,1.0872214,1.092184,0.93330765,1.1270795,1.0315561,1.0468405,1.0513333,1.1083494,0.9731314,1.1528358,1.0333334,0.9802006,0.8699807,1.0834749,1.0260435,0.9169725,1.0874064,1.1218772,1.0345083,0.8238627,1.0411845,0.8125167,1.0328285,0.5678477,0.9464984,0.8148247,1.0706992,0.21599674,0.92115635,1.1159655,0.9220138,0.93184876,1.0523287,0.8930253,0.8448199,1.1005714,1.1249095,1.057548,0.86903334,0.9397081,1.1591667,1.1060113,1.0008043,1.0852802,0.9334606
chair,1.1209077,1.1074389,1.1689343,1.1060904,0.95039606,0.7987741,1.0350324,0.9986389,0.61692274,0.5632159,1.232448,0.89802355,1.0962408,0.98306334,1.1630467,0.75901306,0.8607471,1.0642489,1.213433,0.8881186,0.96877855,1.003816,0.59541196,0.9887637,0.96866393,0.0,1.0040421,0.8855825,0.7936648,1.1652784,0.7442154,0.75702125,0.8291963,1.2549914,1.2627232,1.249168,0.44602966,0.96953297,0.929916,1.184069,1.0324349,1.0310862,1.0695597,1.1337166,1.2606494,1.277427,0.9857002,0.79490423,1.0757135,1.1678687,1.172379,0.8527233,0.688067,1.1086869,1.2217212,1.0092216,0.6817835,0.99534714,0.93615454,1.1761647,1.0764264,1.1183013,1.0816245,1.0764111,0.9168329,0.5938282,1.2033284,0.7957458,0.7672923,0.81501603,0.75687826,1.0540992,1.0557498,0.9788633,0.7943816,1.1759251,0.9913041,0.69451827,0.8421994,0.88936126,1.1401347,0.9334029,1.2009472,0.6041091,0.93251973,1.0288391,1.224903,1.2175887,0.9334674,0.92852706,1.1599154,1.2071797,1.2602639,0.5429837,0.86086917,0.8149278
clock,1.0360755,0.7771539,0.96529394,0.9128827,0.8563969,1.1530577,1.1168063,1.1994883,0.85584366,1.1800957,1.0907954,0.88576424,1.2816087,0.8168632,1.2740426,0.9306381,0.8513038,1.3535936,1.1829076,0.84059644,1.0204829,0.89221686,0.83491683,1.132783,1.0363859,1.0040421,0.0,1.3011887,1.2572852,1.2357779,0.7777666,1.1728168,0.98560363,1.0960357,1.0882112,1.0444537,0.7704665,1.0890208,0.7013821,1.1000755,0.8502743,1.1271883,0.9574983,0.86120105,1.1233097,1.1617234,0.9452511,1.0287132,0.9787039,1.1483868,1.2024729,0.84237635,0.77955097,1.2132424,1.1902465,0.81386805,1.1855155,0.6603652,0.8740031,1.1225612,1.0820638,1.0429046,0.9168231,0.4717465,0.72843385,0.88170683,1.1934223,0.78220034,0.798455,0.75195384,1.0554974,1.0440853,1.0067112,0.80108553,0.9653744,0.85599256,0.98686665,1.0031039,0.9053824,0.8758792,1.1393135,0.891189,1.0505935,0.97638136,0.9026215,0.86080575,0.964824,1.2972184,0.64429575,0.90768087,1.2247865,1.0720431,1.2182856,0.95226324,0.81718206,0.9742956
closet,1.123699,1.3134499,1.0499824,1.0687146,1.329887,0.7135763,0.56393206,0.49528491,1.2002103,0.6579768,0.78975457,1.2179824,0.5482111,1.291509,0.89793694,1.1965878,1.3609414,0.624958,0.9818063,1.098568,1.0461082,1.1222491,1.1922243,1.1786809,1.0367191,0.8855825,1.3011887,0.0,0.46268862,0.90412676,1.3039627,0.5426768,1.1757622,1.0750667,1.1225243,1.250612,0.99648094,1.0095633,1.3267145,1.1497025,1.180918,0.84228504,0.9111788,1.0009654,1.2498811,0.83712727,1.1583853,0.85849094,1.0170463,0.6501198,0.894324,1.398622,1.2467405,0.82250434,0.89971113,1.315408,0.47522795,1.0652571,1.0825671,0.8525276,1.1399406,1.0888112,1.1478455,1.214305,1.3630618,0.98696977,0.59925157,1.1862205,1.3331532,1.3478378,0.85053754,0.9652496,0.8431127,1.2743136,1.0825039,1.2043433,0.93546045,0.8122314,1.092822,1.2342848,0.64560395,1.1199791,0.95232135,1.163478,1.0479093,1.081411,1.2038848,0.795392,1.3517108,1.1050016,0.74835944,1.2231288,0.9587012,1.0410602,1.2362114,0.7482239
couch,1.0863186,1.3781618,1.0283047,1.0478039,1.4064422,0.78507423,0.45531636,0.23432201,1.1509602,0.47718787,0.71266603,1.2769977,0.49690932,1.3627027,0.86305046,1.234069,1.3678969,0.69121885,1.0456935,1.0853902,1.137769,1.210979,1.2187355,1.2346699,0.9276059,0.7936648,1.2572852,0.46268862,0.0,0.8639499,1.333312,0.56482863,1.243473,0.9735966,1.0868798,1.2609532,0.9816242,1.0031604,1.3493632,1.1517853,1.1498549,0.78245306,0.88127005,1.0255158,1.3050478,0.7772385,1.218246,0.94126964,0.96451634,0.6771226,0.8161566,1.4517052,1.3235434,0.6509713,0.99014944,1.3319434,0.490811,0.97969824,1.1508278,0.74417865,1.1805959,1.1107311,1.1655817,1.1851443,1.3953414,1.0827677,0.6509854,1.1652281,1.3642945,1.3158928,0.6585008,0.94632775,0.82558525,1.1645515,1.1728141,1.2706473,1.041775,1.0138149,1.0454316,1.3164458,0.62080085,1.1321329,0.97182196,1.1506345,1.0268192,1.0917876,1.2721856,0.6612624,1.3432462,1.0706708,0.7652359,1.2620765,0.90768033,1.1093203,1.1423405,0.71432006
cracker,1.1009144,1.2202201,1.0828578,1.1134579,1.2791009,0.8595431,0.9178887,0.8394094,1.259591,1.0588164,0.62754154,1.2067001,0.85588896,1.3339474,1.0162584,1.1986163,1.1428663,0.61556983,0.30226612,1.2054995,0.7895285,1.3088677,1.1377665,1.063661,1.0826519,1.1652784,1.2357779,0.90412676,0.8639499,0.0,1.3183107,0.9258116,0.9861512,0.9014594,1.0757861,1.1030076,1.168758,0.94048357,1.2962923,1.0497429,1.0326679,1.0012699,0.89333797,0.9605593,1.1911356,0.94465655,1.2511879,1.0442512,1.0447676,0.83941805,0.91208184,1.3490932,1.2266257,0.96002185,0.6231665,0.9818123,0.86865234,1.0183145,0.97055453,0.44846398,1.1582944,0.82134956,0.95940644,1.0504946,1.2511516,1.2220126,0.7870358,1.1571741,1.3215097,1.2858026,0.97663486,0.90743315,0.96371615,1.0787565,1.1519672,1.0987817,1.0722318,1.0394176,1.1870286,1.3083935,0.8595787,1.1725125,0.73032904,1.2824342,1.0797567,0.91693705,0.79984343,0.9036666,1.135395,1.0067985,0.82689685,1.1802912,0.9544951,1.269856,1.1590283,1.0306445
crayon,1.0168402,0.7598088,1.2055944,1.0229876,0.44468784,1.2329223,1.2656573,1.3928406,0.4376558,0.9478119,1.3324974,0.6966231,1.3319092,0.75707835,1.1981407,0.4987517,0.7383281,1.4838985,1.268281,0.7457882,1.2562633,0.80439997,0.5219571,1.0080395,1.0338513,0.7442154,0.7777666,1.3039627,1.333312,1.3183107,0.0,1.3312178,0.6944415,1.2386316,1.2584918,1.115394,0.6575226,0.9266184,0.41664255,1.102389,0.7309252,0.8347097,1.1561862,1.1540425,1.0366862,1.3124355,0.9824157,0.6027849,1.026439,1.2702001,1.2481338,0.45763153,0.41818118,1.2831624,1.3284622,0.715232,1.316796,1.0337318,1.1631444,1.2763895,1.181244,1.2384057,1.0760978,0.89032704,0.44207895,0.9642385,1.2646334,0.5369771,0.29587156,0.43609506,0.992044,1.167406,1.219095,0.7215368,0.82513076,1.0944928,1.1256396,1.0974587,0.8186201,0.6430946,1.2911034,0.94789326,1.2345085,0.3675149,0.72262585,0.9123269,1.0870233,1.4103906,0.7068077,0.6699918,1.3176985,1.1757572,1.1995041,0.5604044,0.49109125,1.144007
crib,1.0753921,1.3729017,1.0974644,1.1166697,1.4062774,0.323591,0.6045622,0.5188505,1.1241798,0.6489531,0.82889915,1.2231964,0.6751561,1.1369971,0.96038276,1.14803,1.2642739,0.69741786,1.0348985,1.0283616,0.92974436,1.2169878,1.1455721,1.102027,1.0282471,0.75702125,1.1728168,0.5426768,0.56482863,0.9258116,1.3312178,0.0,1.1248684,0.8941347,1.0624644,1.1932689,0.8656188,1.1237382,1.416729,1.2090985,1.252675,1.0215428,0.9827099,0.88808376,1.2188329,0.80988824,1.0949475,1.1408358,1.0172818,0.8211758,0.91721404,1.4420491,1.2976303,0.7771385,0.86226064,1.25036,0.3895309,0.94454485,0.97235346,0.85223675,1.0269576,1.0102185,1.1008463,1.1520597,1.4068518,0.9085021,0.85877717,1.225134,1.3097237,1.2713798,0.89139366,0.83330166,0.8177018,1.0507424,1.0727702,1.207212,1.0374525,0.6658683,1.1605504,1.2809842,0.79164004,1.0666399,0.9943374,1.1238636,1.2933605,1.2481071,1.1236328,0.7641605,1.34351,1.1957643,0.83717227,1.1741794,1.0736461,1.0088195,1.2545927,0.5362222
cup,1.0930027,0.9468598,1.2017249,1.2239872,0.8851724,0.9674713,1.2332317,1.2616186,0.85548425,1.1569933,1.2065398,0.9736715,1.2028701,0.87493426,1.1288273,0.4178189,0.4864958,0.97535896,0.7835812,1.047911,0.6041647,1.0946492,0.24469149,0.95368356,1.2385247,0.8291963,0.98560363,1.1757622,1.243473,0.9861512,0.6944415,1.1248684,0.0,1.0128902,1.2454109,1.0542055,0.85231906,1.0838346,0.75803876,1.0393049,1.0818508,1.1106676,1.2612123,1.0520335,1.1359963,1.1242203,0.9451678,0.849651,1.1898063,1.2207634,1.2589992,0.7875282,0.61388004,1.2382687,0.56798375,0.91579545,1.1650481,1.0356457,0.87413895,1.1872547,1.0465282,0.7196174,1.0776931,1.1769547,0.7404562,0.8067425,1.3285205,0.8785523,0.6372326,0.93869513,1.29171,1.1030267,1.0444186,0.8764037,1.010713,1.0361838,1.0569158,0.80005056,1.1134617,1.0216311,1.2497398,0.9515039,1.1385992,0.6453292,1.221898,1.1131835,0.8240037,1.0921332,0.871043,1.0974652,1.2994752,1.0948596,1.1626945,0.64680624,0.8530749,1.1119734
dish,1.1183493,1.1592665,0.70095015,0.81356114,1.2923267,0.97543555,0.92993206,0.9269022,1.3681512,1.1624397,0.8944227,1.1720351,0.8846128,1.0579472,0.7532146,1.1026906,1.0268054,0.7917001,0.9165727,1.1179221,0.78792006,1.215118,1.1681819,0.90176517,1.133826,1.2549914,1.0960357,1.0750667,0.9735966,0.9014594,1.2386316,0.8941347,1.0128902,0.0,0.87589365,0.8268875,1.2816628,1.0601681,1.2833006,0.7264589,1.1876676,1.222122,1.1155498,0.8719201,0.77751726,0.6380521,1.0365835,1.2451837,0.91406476,0.89416206,0.92060065,1.1688321,1.3107028,0.8053169,0.87212837,1.3039165,1.029278,0.9193584,0.84036857,0.9947945,0.8678147,1.0856767,1.023177,1.1329402,1.3044399,1.0827733,1.0391896,1.2988353,1.2762849,1.2364749,1.228047,0.99090314,1.050486,0.46529365,1.2434825,1.0231831,0.8913609,1.0244206,1.2856236,1.3108381,0.8952539,1.2594187,1.104836,1.2005887,1.329111,1.3067166,1.0065973,0.66726756,1.1078846,1.2581252,0.99650824,0.72328854,0.49171656,1.1905582,1.2565627,1.0025611
dog,0.81294805,0.9362971,0.731315,0.9122823,1.1272004,1.0257486,1.1246831,1.0815305,1.3509007,1.222493,0.9464574,1.0374206,0.98625004,0.89108896,0.7782036,1.2222385,1.2176975,0.9061893,1.0464666,1.2051591,1.002769,0.88978654,1.3432672,0.6849319,0.81279254,1.2627232,1.0882112,1.1225243,1.0868798,1.0757861,1.2584918,1.0624644,1.2454109,0.87589365,0.0,0.23443699,1.2662127,1.0828071,1.1199739,0.6936346,1.1957912,1.2076308,0.96891475,1.0237559,0.39087522,0.9291557,0.8944545,1.2077345,1.007888,0.93274635,1.033827,0.9833193,1.2045391,0.9565196,1.0221572,1.232471,1.0981966,1.1653696,0.93177557,0.9290423,0.5751129,1.03557,1.0095696,1.0363598,1.1377358,1.042078,0.9257962,1.263768,1.2664429,1.281019,1.1702121,1.0419328,0.94616467,1.1305411,0.9039426,0.9087597,0.9160671,1.0386012,0.99128395,1.0971565,1.0237697,0.95056456,1.0720989,1.2761734,1.2360743,1.1442852,1.0712366,0.8453773,1.1750698,1.2629526,0.95071226,0.30839026,0.8365611,1.195702,1.302678,1.0969334
doll,0.8644337,0.8709331,0.809257,0.99313414,1.0677483,1.0987312,1.2096916,1.198436,1.2589805,1.3504403,1.0762928,1.033959,1.1282079,0.7643789,0.6451469,1.0485775,1.0890232,0.927198,1.0382133,1.170819,0.9559622,0.9319915,1.1569874,0.5919823,1.1812164,1.249168,1.0444537,1.250612,1.2609532,1.1030076,1.115394,1.1932689,1.0542055,0.8268875,0.23443699,0.0,1.2302598,0.95858604,0.9544946,0.5443974,1.1474965,1.2997842,1.2355869,0.96922714,0.3042109,0.9290753,0.8610393,1.214239,1.1422391,1.0316547,1.0778258,0.7497955,1.0745593,1.0851284,1.0172212,1.135336,1.1635479,1.1428332,0.8926729,1.039503,0.48950046,1.0093558,1.0564492,1.0820547,0.97452056,1.0110241,1.1591096,1.1685228,1.0959489,1.1149321,1.3046939,1.0578775,1.1065218,1.1104845,1.0432081,0.8781166,1.038002,1.0056742,1.2726598,1.0955875,1.0934575,0.9598988,1.1325946,1.1648217,1.2265582,1.2025516,1.0091362,0.8502002,1.1049652,1.2483407,1.1388183,0.12892574,0.73401093,1.1199459,1.1912496,1.203755
door,1.1050885,1.1060352,1.2235892,1.0884342,0.96041083,0.9323257,1.032057,1.1216301,0.5671931,0.658782,1.1904914,0.8923022,1.2036072,0.9696639,1.2443295,0.79030484,0.9718007,1.1211195,1.1749384,0.7103157,1.1045302,0.9529176,0.5514524,1.0454208,0.9503329,0.44602966,0.7704665,0.99648094,0.9816242,1.168758,0.6575226,0.8656188,0.85231906,1.2816628,1.2662127,1.2302598,0.0,0.93294096,0.9009362,1.1407802,0.9555212,1.0357322,0.913964,1.1839423,1.2273278,1.3517954,1.1486983,0.85424304,1.1245627,1.1615672,1.1779908,0.94098693,0.71923065,1.1456906,1.1746188,0.90388244,0.787516,0.84682894,1.0615685,1.1503804,1.1661716,1.0263715,1.1325945,0.8665929,0.9353255,0.5538199,1.157152,0.81326115,0.719035,0.6835817,0.7200051,1.0213149,0.96419644,0.96306735,0.79772055,1.1604335,1.1263468,0.73295164,0.81079865,1.005392,1.1718003,0.965166,1.1438864,0.60212195,0.98525345,0.89185846,1.1647439,1.3233126,0.97801435,0.76080835,1.2475653,1.2615616,1.2493551,0.55816907,0.8533859,0.5706635
drawer,1.1057351,1.0277224,1.1202753,1.0660105,0.88467836,1.0800838,1.0041828,1.0342978,0.8574245,0.8525306,1.1556561,0.9952006,1.1320618,1.1516039,1.0324024,1.1905887,1.1826113,0.93742275,0.9718253,0.9195282,1.1718324,0.9126684,0.93375283,1.0514371,1.0533272,0.96953297,1.0890208,1.0095633,1.0031604,0.94048357,0.9266184,1.1237382,1.0838346,1.0601681,1.0828071,0.95858604,0.93294096,0.0,0.95750654,0.7060784,0.85603017,0.85613036,1.0977182,1.1833565,1.031966,1.0771395,1.1265689,0.94408303,1.002716,0.871769,0.91678613,0.89772946,1.09645,0.9617876,1.0427171,0.82190067,0.9711976,1.1633958,1.2773459,1.0244716,1.1973003,1.2028778,1.1091541,1.0202761,0.9761705,1.0848857,0.91853935,0.9305123,1.0851607,0.9731537,0.6787865,1.0170276,1.2192309,1.0502498,1.03661,1.0946004,1.0170546,1.1588441,1.0843481,0.8806019,1.062086,0.9798291,0.9485098,0.99017364,0.5692744,0.7512287,1.0753413,1.1190974,0.87983596,0.6928071,1.0342729,1.0121089,0.90684587,0.9644863,0.855773,1.0696722
egg,0.9098015,0.34235,1.0228039,0.9431672,0.44281244,1.3433161,1.3281249,1.3985362,0.6106229,1.2194633,1.2885648,0.7915724,1.3633074,0.77518296,1.1672955,0.5766896,0.71669704,1.5148621,1.2573696,0.9026971,1.1628251,0.8570907,0.67689395,0.9738978,1.0986265,0.929916,0.7013821,1.3267145,1.3493632,1.2962923,0.41664255,1.416729,0.75803876,1.2833006,1.1199739,0.9544946,0.9009362,0.95750654,0.0,0.9981404,0.77993166,0.8790955,1.1434368,1.2351869,0.9963708,1.172311,0.931539,0.6223251,0.9725864,1.2225589,1.3011624,0.36254048,0.4209262,1.349325,1.305753,0.8616935,1.3790371,0.97553474,1.119898,1.189665,1.109483,1.1392606,1.0570965,0.9855961,0.11394876,1.1039306,1.2510056,0.67624676,0.4171331,0.5811147,1.103424,1.1908854,1.2279909,0.96909064,0.92097825,0.74693483,1.1037683,1.1835809,0.8733003,0.6429716,1.3190062,0.7406192,1.3135006,0.65541494,0.71643674,0.9031377,1.1247978,1.3773439,0.7139964,0.76074547,1.3535643,1.01211,1.1310672,0.6927233,0.5364144,1.2652078
face,1.0469745,0.8877511,0.8737441,0.9873678,1.0688,1.1758375,1.0825293,1.1611421,1.1647334,1.2307422,1.1574206,1.0333608,1.1196404,1.0038764,0.8524458,1.0364314,1.0909693,1.0020573,0.97670186,1.1792057,0.9478652,1.0395963,1.1027415,0.832273,1.131404,1.184069,1.1000755,1.1497025,1.1517853,1.0497429,1.102389,1.2090985,1.0393049,0.7264589,0.6936346,0.5443974,1.1407802,0.7060784,0.9981404,0.0,1.0256177,1.2376237,1.1188502,1.0376849,0.68447065,0.9701018,1.0146834,1.1472534,1.157277,0.8029177,1.0280762,0.8521527,1.1085242,1.071068,1.0108582,1.1644919,1.159611,1.1216043,0.9415798,1.1099944,0.81380177,1.0613822,1.0274123,1.137863,0.9898108,1.067084,1.1048825,1.1204004,1.1133348,1.0878459,1.1083591,1.04507,1.0458012,1.0947151,1.1166106,0.8940307,1.0348809,1.0663265,1.1446373,1.1856909,1.0346551,0.9375668,1.2091817,1.0733292,1.0390323,1.0818003,1.076947,0.966437,1.0362844,1.0415772,1.1061639,0.5746353,0.5562442,1.1944098,1.088248,1.160517
finger,1.0846252,0.84399796,1.1877524,1.0190283,0.7908015,1.243344,1.0977708,1.254105,0.8442947,0.98617834,1.098124,0.8815803,1.2371566,1.162286,1.143454,1.0948815,1.0407712,1.2991016,1.0937796,0.74217427,1.23227,1.0637201,0.87025297,1.1560445,0.95881224,1.0324349,0.8502743,1.180918,1.1498549,1.0326679,0.7309252,1.252675,1.0818508,1.1876676,1.1957912,1.1474965,0.9555212,0.85603017,0.77993166,1.0256177,0.0,0.7804871,0.82977366,0.9274533,1.1613866,1.2112195,1.0563084,0.9905284,0.8330661,1.0855454,0.5047728,0.8785933,0.84980035,1.1456308,1.2131143,0.73500526,1.1981145,1.0253458,1.1918585,1.1116159,1.2554164,1.0795957,0.94651675,0.8660406,0.69241786,1.1568537,1.030968,0.91192204,0.8708526,0.6274507,0.6264264,0.97012794,1.1193848,0.922669,0.99693567,0.83117944,1.1441096,1.2950072,0.94797546,0.84049,1.0397466,1.0545392,1.0861055,0.96854264,0.44147837,0.7683277,1.0563254,1.2746558,0.60803485,0.29868698,0.9715551,1.2466475,1.1165999,1.0032321,0.5688553,1.104793
fish,0.9185545,1.0773954,1.1626365,0.9806078,0.7428136,1.1396475,0.83732724,0.8063816,0.767635,0.864279,0.92513174,1.0385447,0.86325467,1.2787815,0.9812278,0.9409169,1.140518,1.0870359,1.1233692,0.98364717,1.4418283,1.023487,1.0956012,1.1888742,0.92820233,1.0310862,1.1271883,0.84228504,0.78245306,1.0012699,0.8347097,1.0215428,1.1106676,1.222122,1.2076308,1.2997842,1.0357322,0.85613036,0.8790955,1.2376237,0.7804871,0.0,0.8808054,1.1767788,1.2280184,0.9813963,1.2231628,0.6620092,0.9549765,0.91056275,0.82673025,0.94642174,0.953935,0.9598056,1.2112396,0.91499853,0.9723893,1.0658281,1.4127797,0.9190839,1.3370584,1.2984562,1.0542998,1.0276208,0.91345084,1.304631,0.65251833,0.8521453,0.78465277,0.90954024,0.67230654,0.9040657,1.0615995,1.136558,0.9998538,1.228748,1.134522,1.2964509,0.9421892,0.88864726,0.85626996,1.0023097,0.91062737,0.85327315,0.540599,0.8176136,1.0774423,1.0869421,0.9829422,0.6382984,0.8069974,1.3467717,1.0708485,0.991126,0.55983335,0.91593915
flower,0.9380583,1.0043935,0.9041188,0.84767485,1.040936,0.9881625,1.0175157,1.0148116,1.0829818,0.9832822,0.8085861,1.0979067,0.9029611,1.1515461,1.2625728,1.2649295,1.3177512,1.0643368,0.9447479,1.0141195,1.1441301,0.9584966,1.1735852,1.0832801,0.5565965,1.0695597,0.9574983,0.9111788,0.88127005,0.89333797,1.1561862,0.9827099,1.2612123,1.1155498,0.96891475,1.2355869,0.913964,1.0977182,1.1434368,1.1188502,0.82977366,0.8808054,0.0,1.0496646,1.1342301,1.1763754,1.0921363,0.99480546,0.7490316,0.8414128,0.8349024,1.2621373,1.1449842,0.9614701,1.0332596,1.1025274,1.0004941,1.0291108,1.1191785,0.7895956,1.1777195,1.03235,0.90180755,0.803072,1.1071323,1.0551847,0.76533556,1.1372609,1.1945437,1.0778581,0.76837045,0.97702456,0.44587517,1.1074984,0.8794535,0.96151745,0.87291753,1.068391,0.5671336,1.0330201,0.9636831,0.98471045,0.9137629,1.252989,0.88006735,0.8403123,1.0995033,1.1897378,1.2105553,0.74998003,0.86155677,1.1887084,1.1677172,1.1087048,1.0532801,0.8906577
fork,1.0588682,1.0721424,0.94356996,1.002413,1.2357434,0.82325053,0.973503,0.9748378,1.3047652,1.1386057,0.8819523,1.0173378,1.0193968,0.96781003,1.0102757,1.0578502,0.8396273,0.9505269,0.86982185,1.0250067,0.8060901,1.1773634,1.1793826,1.0464466,1.1621134,1.1337166,0.86120105,1.0009654,1.0255158,0.9605593,1.1540425,0.88808376,1.0520335,0.8719201,1.0237559,0.96922714,1.1839423,1.1833565,1.2351869,1.0376849,0.9274533,1.1767788,1.0496646,0.0,1.0311638,0.9642027,0.9587722,1.2277851,0.9953929,0.9481202,0.6841043,1.1993985,1.1429701,1.0276072,0.88216084,0.98915625,0.98530763,1.0098182,0.7396319,0.99401826,0.8527779,1.0117248,0.96422714,1.0102305,1.1577269,0.9120687,1.0026658,1.0919135,1.0990596,1.0662643,1.1867472,0.891953,0.9934904,0.9828046,1.1232498,0.87398416,0.91663265,0.8565691,1.2168568,1.1216072,0.91870654,1.1825086,0.85451216,1.1392231,1.1995331,1.1743326,0.69307286,0.9737355,1.0658861,1.1774361,0.9524429,0.97961915,1.0764465,1.1312051,1.2390232,1.1222311
frog,0.587098,0.8623286,0.8050927,0.93105257,0.96468836,1.1220926,1.2366009,1.2251558,1.1757674,1.2376755,1.1497791,0.93588436,1.153551,0.7346078,0.6760901,1.1008518,1.0365216,0.95877033,1.074565,1.1341681,1.0339806,0.7404963,1.1967533,0.58270526,1.0800256,1.2606494,1.1233097,1.2498811,1.3050478,1.1911356,1.0366862,1.2188329,1.1359963,0.77751726,0.39087522,0.3042109,1.2273278,1.031966,0.9963708,0.68447065,1.1613866,1.2280184,1.1342301,1.0311638,0.0,0.9092223,0.851907,1.2515392,1.1303364,1.1403042,1.0772581,0.7955826,1.1465324,1.0228064,1.060426,1.0366023,1.2040215,1.1095974,0.9717938,1.177603,0.4543553,1.0530804,0.9282923,1.0468904,1.0499704,1.0509561,1.156174,1.0919408,1.0827141,1.0687518,1.2629011,1.0581346,0.9954201,0.95075583,1.0206503,0.8652902,0.9719081,1.0905212,1.1568459,0.94140357,1.1656717,1.1011472,1.0556701,1.0990776,1.2097929,1.1622592,0.97126293,0.90093565,0.9863481,1.2605674,1.1150408,0.27780616,0.71121967,1.1432267,1.1978593,1.1603142
glass,0.97329473,1.126698,0.7707604,0.7948521,1.2936133,0.9043049,0.72626036,0.6761415,1.2759687,0.96781844,0.8747407,1.2187392,0.8230411,1.0710537,0.52145004,1.1135522,1.1306729,0.6924332,0.9696982,1.2379762,0.92646295,1.225882,1.2966025,0.99386466,1.1123937,1.277427,1.1617234,0.83712727,0.7772385,0.94465655,1.3124355,0.80988824,1.1242203,0.6380521,0.9291557,0.9290753,1.3517954,1.0771395,1.172311,0.9701018,1.2112195,0.9813963,1.1763754,0.9642027,0.9092223,0.0,1.1898769,1.1247905,1.0736018,0.8158045,0.85432976,1.2157507,1.3412926,0.7833208,0.88613683,1.3518075,0.9222463,0.9197637,0.9747225,0.8949071,0.9282322,1.0138439,1.1227477,1.1209898,1.2697332,1.1414301,0.89497584,1.2142581,1.3105426,1.3420527,1.1754535,0.982899,1.0152587,0.9529818,1.3200188,1.0687332,1.0281869,1.06661,1.2781956,1.3275938,0.7780305,1.1616001,1.0872091,1.1372224,1.2426577,1.1733084,1.1293842,0.45107853,1.2403367,1.2407529,0.9419471,0.89798,0.6266388,1.3708531,1.1980164,0.99150354
glasses,0.98935574,0.89356995,0.92774206,1.0332296,0.97053087,0.990719,1.2195318,1.149784,1.0497602,1.218458,1.0269206,0.87480986,0.9604143,0.7002769,1.1535084,0.9390001,0.8785725,1.2264768,1.2205856,0.8049545,0.9183531,0.84194857,0.9046346,1.0056927,1.0547171,0.9857002,0.9452511,1.1583853,1.218246,1.2511879,0.9824157,1.0949475,0.9451678,1.0365835,0.8944545,0.8610393,1.1486983,1.1265689,0.931539,1.0146834,1.0563084,1.2231628,1.0921363,0.9587722,0.851907,1.1898769,0.0,1.065728,0.8404032,1.2239428,1.1017222,0.75976795,0.91326934,0.9357915,1.1127224,0.9383434,1.1954994,1.15198,0.85075676,1.216139,0.7878578,0.9357834,0.868007,0.8817577,0.8630728,0.8837713,1.1272178,0.94212174,0.91224855,0.86936384,1.2149339,1.1176945,1.187501,1.0235074,0.8783145,0.79040736,0.6856021,0.97759,1.0042288,0.78990537,1.1599952,0.84247386,1.1315267,1.0967808,0.96495605,1.1318674,1.0140603,1.1179533,0.79751956,1.086319,0.95524275,0.71413976,1.1437963,0.8835653,0.96206117,1.2174573
glove,1.1251606,0.9155585,1.088917,1.0191488,0.63454926,1.0863551,1.0432774,1.1139385,0.7400323,0.8937781,0.9635243,0.92940944,1.0131758,1.0317125,1.1564466,0.77827024,0.93695873,1.263876,1.2330174,0.9647201,1.2769797,0.95945495,0.7515299,1.1072588,0.9913245,0.79490423,1.0287132,0.85849094,0.94126964,1.0442512,0.6027849,1.1408358,0.849651,1.2451837,1.2077345,1.214239,0.85424304,0.94408303,0.6223251,1.1472534,0.9905284,0.6620092,0.99480546,1.2277851,1.2515392,1.1247905,1.065728,0.0,0.94390976,0.87794936,1.1667415,0.64666677,0.6562233,1.0657558,1.2218959,1.0284766,1.0627314,1.1308918,1.2605882,0.89467883,1.2052145,1.2881413,1.2133553,1.0509399,0.6831691,1.0873939,0.80380976,0.83837044,0.65706706,0.8112428,0.91000885,1.165422,1.1209764,1.0793773,0.85425985,1.2199093,0.9896434,1.0686396,0.75555825,0.767473,0.98143953,0.8622414,1.1583811,0.7484033,0.7050477,0.9314173,1.1964872,1.2636055,0.95477796,0.86561114,1.0716432,1.2497647,1.0904326,0.6632631,0.6978818,1.1232158
gum,1.1133898,0.917341,0.7100101,0.7318237,0.9926393,1.0631235,1.089717,1.041443,1.1189039,1.0341488,0.83652294,1.0660646,0.9153205,0.9530025,1.1900667,1.1804304,1.1734318,1.1327441,1.0788625,0.8248453,1.073863,1.0772247,1.1509849,1.0995327,0.7830055,1.0757135,0.9787039,1.0170463,0.96451634,1.0447676,1.026439,1.0172818,1.1898063,0.91406476,1.007888,1.1422391,1.1245627,1.002716,0.9725864,1.157277,0.8330661,0.9549765,0.7490316,0.9953929,1.1303364,1.0736018,0.8404032,0.94390976,0.0,0.943322,0.80340123,0.99725777,1.1098046,0.92539644,1.088244,1.0708932,1.0294001,1.1219792,1.0315051,1.0081528,1.1234337,1.04058,1.0606372,0.92054284,0.9340297,1.063564,0.8538046,1.1414225,1.1231991,1.0097204,0.8915289,1.0920612,1.0628738,0.8549996,0.9929875,0.87048334,0.8101229,1.0768522,0.80344176,0.8609487,0.9666897,0.9475123,1.0048264,1.1924831,0.82757753,0.9603556,1.1181521,1.1527338,1.0299551,0.8776466,0.90965915,1.0075804,1.127535,0.9836087,0.9963964,1.0060506
hair,1.1153059,1.2197831,0.9279256,0.944242,1.2211763,0.89915586,0.6167206,0.73889756,1.2633793,0.99174863,0.80543673,1.2877088,0.7362875,1.2686496,0.8825795,1.1684451,1.3149858,0.8613717,0.9539861,1.1901395,1.0985526,1.1980323,1.3310986,1.1383879,1.0271865,1.1678687,1.1483868,0.6501198,0.6771226,0.83941805,1.2702001,0.8211758,1.2207634,0.89416206,0.93274635,1.0316547,1.1615672,0.871769,1.2225589,0.8029177,1.0855454,0.91056275,0.8414128,0.9481202,1.1403042,0.8158045,1.2239428,0.87794936,0.943322,0.0,0.83372104,1.2292124,1.2507216,0.8330348,0.95762753,1.2734005,0.7726019,1.0434608,1.0974618,0.7640265,1.1309059,1.163988,1.2352438,1.2082789,1.2239308,1.219652,0.5728052,1.2136343,1.2663834,1.2933192,0.949481,1.068135,0.8116033,1.1805509,1.1949717,1.175994,0.9821325,1.047937,1.0818541,1.2080613,0.652328,0.998632,0.96141046,1.2053988,1.0106826,1.0768802,1.1095687,0.8023607,1.2952671,1.0419009,0.9554371,1.056509,0.81163025,1.2296728,1.173866,0.9078628
hand,1.0488855,1.204628,1.0389483,0.94918305,1.2519324,0.96630126,0.8951489,0.8940505,1.2690345,0.88996255,0.7798982,1.0582368,0.944273,1.2779851,0.805911,1.3215588,1.2694333,0.83429337,0.9529791,0.96081394,1.1501162,1.1671298,1.2506633,1.1170936,1.0002382,1.172379,1.2024729,0.894324,0.8161566,0.91208184,1.2481338,0.91721404,1.2589992,0.92060065,1.033827,1.0778258,1.1779908,0.91678613,1.3011624,1.0280762,0.5047728,0.82673025,0.8349024,0.6841043,1.0772581,0.85432976,1.1017222,1.1667415,0.80340123,0.83372104,0.0,1.2982149,1.3543364,0.81521523,0.96737987,1.0334264,0.88806295,1.1021403,1.2023976,0.98097396,1.090156,1.0177699,1.0513965,0.9845811,1.2649995,1.1334639,0.68742895,1.2437711,1.3238769,1.1170211,0.72166383,0.923227,1.0084383,1.0001591,1.1468225,0.9767728,1.0083078,1.142778,1.1492128,1.1254934,0.72448623,1.1794335,0.91953224,1.2302986,0.80079097,0.9808693,0.98876613,0.7789071,1.0333852,0.76438785,0.71735847,1.1130803,0.9800564,1.2204732,1.0181507,0.9753501
hat,0.90431184,0.62734747,1.0071865,0.9455411,0.40129936,1.3076068,1.4290955,1.5062943,0.6827052,1.2443148,1.3411217,0.7155926,1.4003506,0.60484445,1.1213611,0.60332865,0.6550045,1.5071229,1.3497082,0.85875595,1.1921184,0.7405758,0.7084437,0.81120455,1.0872214,0.8527233,0.84237635,1.398622,1.4517052,1.3490932,0.45763153,1.4420491,0.7875282,1.1688321,0.9833193,0.7497955,0.94098693,0.89772946,0.36254048,0.8521527,0.8785933,0.94642174,1.2621373,1.1993985,0.7955826,1.2157507,0.75976795,0.64666677,0.99725777,1.2292124,1.2982149,0.0,0.4280802,1.3332853,1.3620994,0.8560389,1.3815057,1.1299926,1.0616745,1.2726164,0.8907925,1.1237453,1.1453135,0.9631541,0.35895425,0.94074,1.3412844,0.81039536,0.4391157,0.59554255,1.130117,1.2779619,1.2976055,0.9421839,0.707587,0.9630802,1.0541022,1.0073434,0.87390524,0.618466,1.3224609,0.721107,1.3116677,0.63681257,0.7600583,0.9733011,1.11158,1.3940134,0.6895651,0.85187507,1.3552408,0.79080844,1.0516348,0.63123405,0.5964432,1.26915
horse,1.0606475,0.7321038,1.1642829,1.0772254,0.48333657,1.2254821,1.3552247,1.3821273,0.58170104,1.2205188,1.293071,0.794482,1.3234761,0.80521846,1.2504935,0.41081917,0.5854982,1.4388617,1.2198386,0.82795334,1.1355183,0.87572086,0.5488908,0.9118303,1.092184,0.688067,0.77955097,1.2467405,1.3235434,1.2266257,0.41818118,1.2976303,0.61388004,1.3107028,1.2045391,1.0745593,0.71923065,1.09645,0.4209262,1.1085242,0.84980035,0.953935,1.1449842,1.1429701,1.1465324,1.3412926,0.91326934,0.6562233,1.1098046,1.2507216,1.3543364,0.4280802,0.0,1.3219928,1.2437339,0.8268806,1.2423717,1.0605078,1.0283861,1.1872433,1.0911498,1.0517716,1.090646,1.0413842,0.3441028,0.8736691,1.2742469,0.71185195,0.255502,0.55327153,1.160048,1.1899647,1.092961,1.0673286,0.66726035,1.0360311,1.1079181,0.8869276,0.7433657,0.5956206,1.3104407,0.7291155,1.2640163,0.58387786,0.8458433,0.9972513,1.0814283,1.38428,0.8093922,0.7718356,1.325719,1.1274632,1.2161409,0.43843472,0.5079093,1.2020175
hose,1.0908185,1.3017833,0.9452533,1.0062149,1.2879925,0.8767515,0.7373538,0.6340586,1.2613049,0.8463862,0.8544095,1.1757885,0.7225412,1.2698212,0.8840438,1.232785,1.2514689,0.75701636,1.0150614,0.91727585,1.0003096,1.1195556,1.2334471,1.1064963,0.93330765,1.1086869,1.2132424,0.82250434,0.6509713,0.96002185,1.2831624,0.7771385,1.2382687,0.8053169,0.9565196,1.0851284,1.1456906,0.9617876,1.349325,1.071068,1.1456308,0.9598056,0.9614701,1.0276072,1.0228064,0.7833208,0.9357915,1.0657558,0.92539644,0.8330348,0.81521523,1.3332853,1.3219928,0.0,0.9387488,1.1754642,0.7700475,0.98998964,1.0851862,0.87532085,0.960345,1.1185788,1.1364423,1.0370562,1.3759198,1.0614555,0.76759726,1.2554486,1.3159397,1.213398,0.91135395,0.9832428,0.8781408,0.960649,1.1461954,1.1778092,0.83031964,1.1123562,1.0349742,1.1460536,0.8078987,1.2015665,0.9284977,1.2252759,0.9950664,1.097392,1.1060498,0.6902971,1.0816672,1.0349196,0.8437183,0.99655575,0.9312189,1.0004381,1.0232979,0.9321177
jar,1.0251046,1.188771,1.0304022,1.1265516,1.2665863,0.7853259,0.99004513,0.9136229,1.3193995,1.1495049,0.8733754,1.2101979,0.90994775,1.1068057,0.9822525,1.0288815,0.92901963,0.5094002,0.38459778,1.2258046,0.40731728,1.2220361,0.95554507,1.0083741,1.1270795,1.2217212,1.1902465,0.89971113,0.99014944,0.6231665,1.3284622,0.86226064,0.56798375,0.87212837,1.0221572,1.0172212,1.1746188,1.0427171,1.305753,1.0108582,1.2131143,1.2112396,1.0332596,0.88216084,1.060426,0.88613683,1.1127224,1.2218959,1.088244,0.95762753,0.96737987,1.3620994,1.2437339,0.9387488,0.0,1.0186042,0.9670868,1.095052,0.8411262,0.91146654,0.97688425,0.5610705,1.0155121,1.2060332,1.2877228,0.9948548,1.0301398,1.2153466,1.3008385,1.3526325,1.2224725,0.9497594,0.84325457,1.0681424,1.2056953,1.0292702,0.9804597,0.8521972,1.206242,1.2823079,0.96338457,1.1768225,0.7606055,1.2290848,1.370357,1.0836276,0.6296577,0.785779,1.2074405,1.2290878,1.0077659,1.0451669,1.0057279,1.1965312,1.3292003,0.98157036
knife,0.9294071,0.8871986,1.3414971,1.2274109,0.64276886,1.1114539,1.2219778,1.2676502,0.6446352,1.0208814,1.2299788,0.75241673,1.3159542,0.94754547,1.2475669,1.0843141,0.7636689,1.21344,0.89827317,0.7439399,1.1695443,0.7792345,0.74499315,1.0946587,1.0315561,1.0092216,0.81386805,1.315408,1.3319434,0.9818123,0.715232,1.25036,0.91579545,1.3039165,1.232471,1.135336,0.90388244,0.82190067,0.8616935,1.1644919,0.73500526,0.91499853,1.1025274,0.98915625,1.0366023,1.3518075,0.9383434,1.0284766,1.0708932,1.2734005,1.0334264,0.8560389,0.8268806,1.1754642,1.0186042,0.0,1.1599122,1.0186435,1.2599504,1.1687335,1.1347109,0.8696034,0.90083355,0.80380607,0.7961473,1.0363729,1.1704953,0.772758,0.7467866,0.6442051,0.8886323,1.0135533,1.2265882,0.878517,0.8729217,0.96669734,1.0815182,1.1752166,0.9905887,0.5393158,1.2643209,0.9631628,0.38792288,0.9249461,0.6917992,0.46499544,0.36173272,1.3196075,0.5379635,0.7609973,1.0754448,1.2381831,1.2694136,0.8689485,0.7519098,1.1764139
ladder,1.1209258,1.3781347,1.1147286,1.1177275,1.3596904,0.6379058,0.5990921,0.52803344,1.1200526,0.5812959,0.84076464,1.1935637,0.75942653,1.2354671,0.94363874,1.1993626,1.2949315,0.6450013,0.96082735,0.9874855,1.0451343,1.1181862,1.1265554,1.1173171,1.0468405,0.6817835,1.1855155,0.47522795,0.490811,0.86865234,1.316796,0.3895309,1.1650481,1.029278,1.0981966,1.1635479,0.787516,0.9711976,1.3790371,1.159611,1.1981145,0.9723893,1.0004941,0.98530763,1.2040215,0.9222463,1.1954994,1.0627314,1.0294001,0.7726019,0.88806295,1.3815057,1.2423717,0.7700475,0.9670868,1.1599122,0.0,0.9588996,1.0658023,0.7943565,1.0779072,1.0288553,1.1941885,1.1617259,1.3671496,0.9514501,0.78739804,1.2344395,1.2886155,1.2748158,0.8105737,0.9393033,0.89024216,1.1533327,1.0617726,1.2396054,1.095804,0.76114553,1.1526325,1.2030383,0.8029432,1.1469022,0.8916863,1.1534712,1.1290755,1.0366333,1.1283631,0.7778747,1.2431854,1.1317931,0.8760499,1.1568261,1.0268447,0.9517924,1.1917711,0.5951607
lamp,1.0521264,1.0389501,1.0665878,0.9706264,1.0715388,1.0525663,0.83484733,0.9202564,0.9042999,0.98795027,1.0056752,1.0411249,1.0147899,1.0473061,1.0404465,0.96080244,0.8854219,1.0705386,1.0916518,0.9095653,0.9245633,1.1042023,0.95453477,1.122369,1.0513333,0.99534714,0.6603652,1.0652571,0.97969824,1.0183145,1.0337318,0.94454485,1.0356457,0.9193584,1.1653696,1.1428332,0.84682894,1.1633958,0.97553474,1.1216043,1.0253458,1.0658281,1.0291108,1.0098182,1.1095974,0.9197637,1.15198,1.1308918,1.1219792,1.0434608,1.1021403,1.1299926,1.0605078,0.98998964,1.095052,1.0186435,0.9588996,0.0,0.86965644,0.9829236,1.1408786,1.0639894,0.7961331,0.8128481,1.0711484,1.069914,1.0565115,0.929969,0.97343373,0.8922464,0.9514809,0.88087046,0.91395056,0.77501726,1.1472055,1.0246563,1.148283,1.0043103,1.0870607,1.1640546,0.95718014,1.1158152,1.067329,0.97697663,1.0196607,1.0367581,0.97994983,1.0010616,0.83097446,0.9860569,1.0249761,1.1823566,1.0293204,1.1082362,0.9552708,0.61205316
milk,1.0842608,0.95209694,0.83656174,0.97100043,1.1835804,0.8776757,1.1045313,1.0892042,1.2833177,1.2796197,0.99303067,1.0916458,1.0176568,0.78776884,1.0447763,0.719857,0.7990848,0.92342544,0.89092386,1.2126634,0.22053957,1.1556202,1.0439487,0.92623514,1.1083494,0.93615454,0.8740031,1.0825671,1.1508278,0.97055453,1.1631444,0.97235346,0.87413895,0.84036857,0.93177557,0.8926729,1.0615685,1.2773459,1.119898,0.9415798,1.1918585,1.4127797,1.1191785,0.7396319,0.9717938,0.9747225,0.85075676,1.2605882,1.0315051,1.0974618,1.2023976,1.0616745,1.0283861,1.0851862,0.8411262,1.2599504,1.0658023,0.86965644,0.0,1.0382153,0.7709037,0.7985916,0.7506385,1.0494249,1.0814157,0.6811768,1.2647282,1.01658,1.1121812,1.1825339,1.3420303,0.978411,0.95099235,0.9363568,1.0531603,0.7946318,0.9234817,0.66258425,1.1172959,1.2515752,1.0619917,1.0468822,1.1612928,1.0886929,1.3720231,1.3398912,0.99269366,0.9832524,1.0933145,1.3510485,1.076384,0.8173821,1.0554129,1.0789431,1.3306482,0.9879345
mitten,1.0104109,1.1730392,0.93683136,1.0111966,1.1536641,0.8603761,0.92424613,0.8025284,1.2210195,1.0249964,0.4721042,1.1520311,0.77209467,1.2383116,1.0832993,1.2186514,1.2666954,0.8557678,0.8464713,1.1142256,1.04178,1.1955626,1.2731391,1.0841885,0.9731314,1.1761647,1.1225612,0.8525276,0.74417865,0.44846398,1.2763895,0.85223675,1.1872547,0.9947945,0.9290423,1.039503,1.1503804,1.0244716,1.189665,1.1099944,1.1116159,0.9190839,0.7895956,0.99401826,1.177603,0.8949071,1.216139,0.89467883,1.0081528,0.7640265,0.98097396,1.2726164,1.1872433,0.87532085,0.91146654,1.1687335,0.7943565,0.9829236,1.0382153,0.0,1.12468,1.0098802,1.0292253,0.984645,1.2112739,1.2366458,0.711616,1.1638083,1.2256309,1.2110256,0.96795166,0.80821365,0.8608573,1.1599547,1.094127,1.1544721,0.98862183,1.0983719,1.0575292,1.2105526,0.8718098,0.9785203,0.86146533,1.2968065,1.1144372,1.0019403,1.0666438,0.97665006,1.270455,1.0914302,0.7376749,1.0965261,1.0129206,1.2098055,1.1388261,0.9595595
motorcycle,0.8154662,0.9818303,0.838672,1.0076158,1.1624591,0.8908603,1.1290431,1.1263267,1.1902645,1.2054297,1.0889384,1.0705758,1.0677621,0.7093672,0.7889501,0.97885305,0.931978,0.90354013,1.0420549,1.1593657,0.8469796,0.8302171,1.1661317,0.4597162,1.1528358,1.0764264,1.0820638,1.1399406,1.1805959,1.1582944,1.181244,1.0269576,1.0465282,0.8678147,0.5751129,0.48950046,1.1661716,1.1973003,1.109483,0.81380177,1.2554164,1.3370584,1.1777195,0.8527779,0.4543553,0.9282322,0.7878578,1.2052145,1.1234337,1.1309059,1.090156,0.8907925,1.0911498,0.960345,0.97688425,1.1347109,1.0779072,1.1408786,0.7709037,1.12468,0.0,0.8998252,0.9910488,1.1025037,1.1063223,0.78971535,1.1693823,1.1392939,1.1057699,1.1491762,1.3694532,1.1374497,0.95150864,1.0442815,1.0062704,0.89778656,0.9976202,0.8153585,1.1758718,1.0598283,1.0571022,0.9932258,1.0702412,1.07644,1.3990827,1.2866497,0.9831976,0.8572452,1.1421009,1.4138186,1.1222703,0.40806794,0.91226244,1.0354011,1.2777891,1.1257908
muffin,0.96877676,1.0572993,1.1334358,1.1931473,1.1145678,0.9421019,1.1006968,1.050238,1.0746809,1.1088244,1.01441,1.1037109,1.0052036,0.9551352,1.0137435,0.9151582,0.8396206,0.8509246,0.6364133,1.0456545,0.6879682,1.0777763,0.92979884,1.0284258,1.0333334,1.1183013,1.0429046,1.0888112,1.1107311,0.82134956,1.2384057,1.0102185,0.7196174,1.0856767,1.03557,1.0093558,1.0263715,1.2028778,1.1392606,1.0613822,1.0795957,1.2984562,1.03235,1.0117248,1.0530804,1.0138439,0.9357834,1.2881413,1.04058,1.163988,1.0177699,1.1237453,1.0517716,1.1185788,0.5610705,0.8696034,1.0288553,1.0639894,0.7985916,1.0098802,0.8998252,0.0,0.9240011,0.99467885,1.0873243,0.82675004,1.2327044,1.0338697,1.0748103,1.1019272,1.196067,1.0239853,0.9135329,1.1014767,1.0421091,0.918896,1.1712711,0.8225959,1.0434439,1.1075389,1.1180131,0.9621222,0.8507309,1.0735595,1.3231616,0.9704611,0.78269035,0.8107877,1.030496,1.1646532,1.0385588,1.047633,1.108016,1.1342063,1.1826853,1.0231816
napkin,0.84876084,0.99813336,1.1008226,1.0824062,0.9927958,1.0681648,1.1169357,1.11476,0.9693029,1.0950681,1.0354462,0.9806298,0.9128528,0.9851909,1.1362396,1.0476061,0.8896487,1.0661937,0.9145242,1.1255366,0.83129287,0.9382847,1.0772798,1.0123683,0.9802006,1.0816245,0.9168231,1.1478455,1.1655817,0.95940644,1.0760978,1.1008463,1.0776931,1.023177,1.0095696,1.0564492,1.1325945,1.1091541,1.0570965,1.0274123,0.94651675,1.0542998,0.90180755,0.96422714,0.9282923,1.1227477,0.868007,1.2133553,1.0606372,1.2352438,1.0513965,1.1453135,1.090646,1.1364423,1.0155121,0.90083355,1.1941885,0.7961331,0.7506385,1.0292253,0.9910488,0.9240011,0.0,0.90599406,1.0485308,1.0560266,1.1339176,0.6063877,1.0656285,0.9827843,0.8682414,0.67186916,1.0072759,0.8452488,1.0224743,0.9146155,1.0974103,1.0971513,1.0101974,0.95740503,1.1454694,1.0597763,0.95033234,1.0790538,0.9391509,0.99524635,0.8908448,1.1253601,0.7602041,0.9875388,0.55965304,1.0554088,1.1174506,1.2850416,1.1116664,0.97891176
necklace,0.98965204,0.92431146,0.9204521,0.8186998,0.8889941,1.1543212,1.1493442,1.108722,0.91455984,1.0170984,0.9136451,0.88483906,1.1320949,0.86322486,1.2631414,1.137772,1.077127,1.2678767,1.14429,0.82442796,1.1517646,0.8302563,0.9983849,1.1261566,0.8699807,1.0764111,0.4717465,1.214305,1.1851443,1.0504946,0.89032704,1.1520597,1.1769547,1.1329402,1.0363598,1.0820547,0.8665929,1.0202761,0.9855961,1.137863,0.8660406,1.0276208,0.803072,1.0102305,1.0468904,1.1209898,0.8817577,1.0509399,0.92054284,1.2082789,0.9845811,0.9631541,1.0413842,1.0370562,1.2060332,0.80380607,1.1617259,0.8128481,1.0494249,0.984645,1.1025037,0.99467885,0.90599406,0.0,0.983402,0.9928355,1.0034245,0.921961,0.9940001,0.83302045,0.88258946,0.9750761,0.97695494,0.8344347,0.9662431,0.88468343,0.8492765,1.0900704,0.8480135,0.9002105,1.0683362,1.0205228,0.92489433,1.0728657,0.8080822,0.7389573,0.9897577,1.2859613,0.7739215,0.8104464,0.9664069,1.0646565,1.232643,1.0423131,0.809093,0.9884233
orange,0.97514653,0.28937525,1.0643258,0.9895375,0.40885204,1.3222497,1.3659601,1.4328957,0.6823965,1.281246,1.302151,0.79358745,1.3712796,0.78475976,1.2348133,0.5881421,0.6563898,1.5290496,1.2174021,0.8777155,1.1506534,0.9035099,0.6892617,0.96731126,1.0834749,0.9168329,0.72843385,1.3630618,1.3953414,1.2511516,0.44207895,1.4068518,0.7404562,1.3044399,1.1377358,0.97452056,0.9353255,0.9761705,0.11394876,0.9898108,0.69241786,0.91345084,1.1071323,1.1577269,1.0499704,1.2697332,0.8630728,0.6831691,0.9340297,1.2239308,1.2649995,0.35895425,0.3441028,1.3759198,1.2877228,0.7961473,1.3671496,1.0711484,1.0814157,1.2112739,1.1063223,1.0873243,1.0485308,0.983402,0.0,1.0507135,1.2857028,0.75665724,0.42670512,0.5632671,1.1255223,1.2341993,1.1935401,1.0015206,0.84493417,0.63765967,1.1100006,1.089646,0.8498728,0.59569895,1.3239212,0.7392673,1.2843223,0.7333401,0.7040907,0.8638581,1.0798073,1.4194798,0.6992094,0.68180686,1.331002,1.0383188,1.1777693,0.6792651,0.5374234,1.3163571
oven,1.1159488,1.0590663,1.0386924,1.0866777,1.1176181,0.70783794,1.1852865,1.202594,0.94851947,0.8687626,1.1872864,0.9678289,1.1578946,0.80303866,1.0492952,0.8204846,0.7927798,0.93608665,1.0936327,0.86668706,0.7648934,0.9298165,0.7457763,0.88561296,1.0260435,0.5938282,0.88170683,0.98696977,1.0827677,1.2220126,0.9642385,0.9085021,0.8067425,1.0827733,1.042078,1.0110241,0.5538199,1.0848857,1.1039306,1.067084,1.1568537,1.304631,1.0551847,0.9120687,1.0509561,1.1414301,0.8837713,1.0873939,1.063564,1.219652,1.1334639,0.94074,0.8736691,1.0614555,0.9948548,1.0363729,0.9514501,1.069914,0.6811768,1.2366458,0.78971535,0.82675004,1.0560266,0.9928355,1.0507135,0.0,1.2919564,1.019029,0.928012,0.9400108,1.0684713,1.1067643,0.96440846,1.003114,0.8644059,0.96681887,0.9153795,0.5274657,0.93036574,1.0855008,1.1664454,1.0679115,1.15532,0.7730123,1.2200317,1.0704882,1.072027,1.0742415,1.0595605,1.1277195,1.1962721,0.97587883,1.159179,0.6984516,1.1231675,0.9330584
pajamas,1.0435591,1.2447069,1.0006058,0.9750844,1.2138989,0.96697223,0.69927984,0.65939844,1.2300344,0.9189364,0.59590787,1.1627488,0.7208203,1.3066204,0.9548356,1.2971606,1.4085698,0.8531482,0.9921465,1.0034814,1.2432082,1.0609598,1.3153799,1.1787162,0.9169725,1.2033284,1.1934223,0.59925157,0.6509854,0.7870358,1.2646334,0.85877717,1.3285205,1.0391896,0.9257962,1.1591096,1.157152,0.91853935,1.2510056,1.1048825,1.030968,0.65251833,0.76533556,1.0026658,1.156174,0.89497584,1.1272178,0.80380976,0.8538046,0.5728052,0.68742895,1.3412844,1.2742469,0.76759726,1.0301398,1.1704953,0.78739804,1.0565115,1.2647282,0.711616,1.1693823,1.2327044,1.1339176,1.0034245,1.2857028,1.2919564,0.0,1.2077676,1.2900075,1.2354859,0.8370179,1.0070856,0.9531718,1.236848,1.0184606,1.1515511,0.9423388,1.1559097,0.9616719,1.1146251,0.6565913,1.0156305,0.87735987,1.2755035,0.7956252,0.9388904,1.1101795,0.90518385,1.1961117,0.92843276,0.7791279,1.162286,0.9598057,1.1215829,1.0238605,0.90908515
paper,0.9659809,0.95915693,1.2395284,1.1480708,0.7627933,1.13388,1.0459503,1.1189557,0.36705494,0.83643806,1.3139629,0.9731231,1.1244531,0.985288,1.0938721,0.67276573,0.7024517,1.2543557,1.0755379,1.0649434,1.1141952,0.83673567,0.74595386,1.0735209,1.0874064,0.7957458,0.78220034,1.1862205,1.1652281,1.1571741,0.5369771,1.225134,0.8785523,1.2988353,1.263768,1.1685228,0.81326115,0.9305123,0.67624676,1.1204004,0.91192204,0.8521453,1.1372609,1.0919135,1.0919408,1.2142581,0.94212174,0.83837044,1.1414225,1.2136343,1.2437711,0.81039536,0.71185195,1.2554486,1.2153466,0.772758,1.2344395,0.929969,1.01658,1.1638083,1.1392939,1.0338697,0.6063877,0.921961,0.75665724,1.019029,1.2077676,0.0,0.5688391,0.68301046,0.85287833,0.92014813,1.2054868,0.89388597,1.0458256,1.1328489,1.188849,1.1860223,0.92598796,0.74486256,1.1818155,0.937855,1.0465609,0.52632177,0.753001,0.89446837,1.0145438,1.2288336,0.6377698,0.8472433,1.0166024,1.1997805,1.1723602,0.9857042,0.68093944,1.0415655
pen,0.9802641,0.7836534,1.2080038,1.0621109,0.41728336,1.2320974,1.2856867,1.3575312,0.41257763,1.1920288,1.3283653,0.74702454,1.3057162,0.75876456,1.1893374,0.32236207,0.5741465,1.5350025,1.2814888,0.76870096,1.2348524,0.875715,0.6007209,0.9629436,1.1218772,0.7672923,0.798455,1.3331532,1.3642945,1.3215097,0.29587156,1.3097237,0.6372326,1.2762849,1.2664429,1.0959489,0.719035,1.0851607,0.4171331,1.1133348,0.8708526,0.78465277,1.1945437,1.0990596,1.0827141,1.3105426,0.91224855,0.65706706,1.1231991,1.2663834,1.3238769,0.4391157,0.255502,1.3159397,1.3008385,0.7467866,1.2886155,0.97343373,1.1121812,1.2256309,1.1057699,1.0748103,1.0656285,0.9940001,0.42670512,0.928012,1.2900075,0.5688391,0.0,0.28421068,1.1909271,1.1329112,1.1468354,0.9755922,0.83623433,1.0717173,1.1366025,0.9897486,0.8614994,0.6101579,1.2656151,0.87528086,1.2060088,0.40572125,0.8367533,1.0074964,1.0256888,1.3695652,0.7880212,0.79393995,1.3448826,1.1512058,1.239012,0.51762486,0.39620292,1.1848638
pencil,0.9977045,0.78915715,1.1755106,0.9940199,0.532321,1.2676141,1.2411203,1.3409655,0.47568935,1.0697751,1.2593629,0.69819474,1.2949698,0.8260007,1.2380936,0.74368864,0.80208546,1.5484115,1.3141344,0.57400835,1.296314,0.9089403,0.6637522,1.0584246,1.0345083,0.81501603,0.75195384,1.3478378,1.3158928,1.2858026,0.43609506,1.2713798,0.93869513,1.2364749,1.281019,1.1149321,0.6835817,0.9731537,0.5811147,1.0878459,0.6274507,0.90954024,1.0778581,1.0662643,1.0687518,1.3420527,0.86936384,0.8112428,1.0097204,1.2933192,1.1170211,0.59554255,0.55327153,1.213398,1.3526325,0.6442051,1.2748158,0.8922464,1.1825339,1.2110256,1.1491762,1.1019272,0.9827843,0.83302045,0.5632671,0.9400108,1.2354859,0.68301046,0.28421068,0.0,0.93009174,1.0067562,1.2106054,0.9083157,0.89921546,0.96386003,1.1085999,1.0951201,0.89508003,0.64458066,1.1868811,0.97181225,1.1339743,0.61759686,0.6639112,0.87339365,1.0295204,1.4222034,0.71781385,0.5954658,1.2403289,1.1666421,1.2203864,0.6396018,0.47868574,1.1209345
pillow,0.98989064,1.2010245,1.2105849,1.0455794,1.0358046,1.040264,0.8489419,0.8852936,0.796901,0.42472136,0.9875763,1.0945761,0.90113497,1.3425324,1.0815591,1.3434315,1.243309,0.98799103,1.1383637,0.82688296,1.3323305,1.0081644,0.9395627,1.211832,0.8238627,0.75687826,1.0554974,0.85053754,0.6585008,0.97663486,0.992044,0.89139366,1.29171,1.228047,1.1702121,1.3046939,0.7200051,0.6787865,1.103424,1.1083591,0.6264264,0.67230654,0.76837045,1.1867472,1.2629011,1.1754535,1.2149339,0.91000885,0.8915289,0.949481,0.72166383,1.130117,1.160048,0.91135395,1.2224725,0.8886323,0.8105737,0.9514809,1.3420303,0.96795166,1.3694532,1.196067,0.8682414,0.88258946,1.1255223,1.0684713,0.8370179,0.85287833,1.1909271,0.93009174,0.0,0.7806831,1.055994,0.953447,0.9772248,1.197568,1.0943387,1.2220325,0.8625254,0.93561417,0.9341029,1.0716454,0.94114435,0.9591112,0.4800064,0.70019484,1.1642376,1.152737,0.8009577,0.5092628,0.64859056,1.3630599,1.103593,1.023306,0.83077836,0.718656
pizza,0.85321677,1.1739674,1.0932019,1.0801533,1.1346843,0.99039894,0.9417062,0.90328825,1.0076424,0.89893997,0.8654519,1.0308788,0.81796896,1.196033,1.0231638,1.1614231,1.1399163,0.93601847,0.94735104,1.046506,0.9650355,1.1907495,1.0947279,1.0839238,1.0411845,1.0540992,1.0440853,0.9652496,0.94632775,0.90743315,1.167406,0.83330166,1.1030267,0.99090314,1.0419328,1.0578775,1.0213149,1.0170276,1.1908854,1.04507,0.97012794,0.9040657,0.97702456,0.891953,1.0581346,0.982899,1.1176945,1.165422,1.0920612,1.068135,0.923227,1.2779619,1.1899647,0.9832428,0.9497594,1.0135533,0.9393033,0.88087046,0.978411,0.80821365,1.1374497,1.0239853,0.67186916,0.9750761,1.2341993,1.1067643,1.0070856,0.92014813,1.1329112,1.0067562,0.7806831,0.0,0.99111754,0.99027723,1.1349521,1.0301113,1.044404,1.081953,1.1790272,1.1144016,1.0027654,1.1134472,0.89181757,1.1114525,0.99545753,1.059421,0.97616166,1.0399826,0.9920872,1.0079108,0.5004279,1.0832864,1.0661716,1.1998185,1.0852897,0.8798354
plant,0.7702595,1.037544,0.95542586,0.9785874,1.1876855,0.8793264,0.8921108,0.8721564,1.1682739,1.0335305,0.8426713,1.154027,0.8759366,1.0597844,1.1067417,1.0674441,1.1366491,0.9399291,0.9477595,1.0930667,0.9441649,1.0315212,1.1581255,0.99994725,0.8125167,1.0557498,1.0067112,0.8431127,0.82558525,0.96371615,1.219095,0.8177018,1.0444186,1.050486,0.94616467,1.1065218,0.96419644,1.2192309,1.2279909,1.0458012,1.1193848,1.0615995,0.44587517,0.9934904,0.9954201,1.0152587,1.187501,1.1209764,1.0628738,0.8116033,1.0084383,1.2976055,1.092961,0.8781408,0.84325457,1.2265882,0.89024216,0.91395056,0.95099235,0.8608573,0.95150864,0.9135329,1.0072759,0.97695494,1.1935401,0.96440846,0.9531718,1.2054868,1.1468354,1.2106054,1.055994,0.99111754,0.0,1.1586533,0.96463823,0.9303581,0.9146658,0.87961304,0.8238803,1.1453016,0.91836107,1.0105278,0.9954897,1.1671559,1.2531571,1.154094,1.0758749,0.967345,1.3065863,1.105832,0.97622824,1.0963583,1.1060452,1.1006327,1.1799031,0.8245671
plate,1.057072,0.9890706,0.86199814,0.80210006,0.9330854,1.0800192,1.0874887,1.1721057,0.89396095,0.90007895,1.1060456,1.01724,1.1102886,0.94863653,1.1542523,0.9473169,0.70376736,1.1337061,1.0639036,0.90506864,0.89799875,0.97008204,0.78938127,0.9895208,1.0328285,0.9788633,0.80108553,1.2743136,1.1645515,1.0787565,0.7215368,1.0507424,0.8764037,0.46529365,1.1305411,1.1104845,0.96306735,1.0502498,0.96909064,1.0947151,0.922669,1.136558,1.1074984,0.9828046,0.95075583,0.9529818,1.0235074,1.0793773,0.8549996,1.1805509,1.0001591,0.9421839,1.0673286,0.960649,1.0681424,0.878517,1.1533327,0.77501726,0.9363568,1.1599547,1.0442815,1.1014767,0.8452488,0.8344347,1.0015206,1.003114,1.236848,0.89388597,0.9755922,0.9083157,0.953447,0.99027723,1.1586533,0.0,1.0462483,1.0147372,0.92855054,1.1051657,1.0965579,0.9441422,1.1369946,1.2090577,1.0212227,0.83037144,1.0775278,0.9879216,0.873207,1.0759425,0.66409445,1.0146315,1.0557226,1.0508035,1.1418183,1.012857,0.9584786,0.9691176
pony,0.8969972,0.91733044,1.0646847,1.0144774,0.81987584,1.0730473,1.2932143,1.2572868,0.93143076,1.0531226,1.1582553,0.63796973,1.1530917,0.79341775,1.3061335,0.9988476,0.9492613,1.3014741,1.160051,0.7618911,1.1254708,0.6201397,0.8629133,0.9776673,0.5678477,0.7943816,0.9653744,1.0825039,1.1728141,1.1519672,0.82513076,1.0727702,1.010713,1.2434825,0.9039426,1.0432081,0.79772055,1.03661,0.92097825,1.1166106,0.99693567,0.9998538,0.8794535,1.1232498,1.0206503,1.3200188,0.8783145,0.85425985,0.9929875,1.1949717,1.1468225,0.707587,0.66726035,1.1461954,1.2056953,0.8729217,1.0617726,1.1472055,1.0531603,1.094127,1.0062704,1.0421091,1.0224743,0.9662431,0.84493417,0.8644059,1.0184606,1.0458256,0.83623433,0.89921546,0.9772248,1.1349521,0.96463823,1.0462483,0.0,1.0021514,0.95377004,0.8642274,0.5271705,0.77487385,1.253133,0.6954479,1.0676719,0.9287029,0.96504694,0.955864,1.051324,1.2995253,0.978859,0.97272456,1.0766282,1.0788544,1.2166663,0.62780726,1.0065949,1.0089469
pumpkin,0.89143604,0.24398601,0.81525195,0.88979053,0.9820332,1.2000982,1.2249153,1.2523514,1.1894605,1.2487067,1.0961701,0.90405905,1.1633601,0.88310564,1.0708777,1.0545301,0.89971703,1.1744015,1.0071924,1.003988,0.8264771,1.028677,1.1065763,1.0097662,0.9464984,1.1759251,0.85599256,1.2043433,1.2706473,1.0987817,1.0944928,1.207212,1.0361838,1.0231831,0.9087597,0.8781166,1.1604335,1.0946004,0.74693483,0.8940307,0.83117944,1.228748,0.96151745,0.87398416,0.8652902,1.0687332,0.79040736,1.2199093,0.87048334,1.175994,0.9767728,0.9630802,1.0360311,1.1778092,1.0292702,0.96669734,1.2396054,1.0246563,0.7946318,1.1544721,0.89778656,0.918896,0.9146155,0.88468343,0.63765967,0.96681887,1.1515511,1.1328489,1.0717173,0.96386003,1.197568,1.0301113,0.9303581,1.0147372,1.0021514,0.0,0.886195,1.0805116,0.994812,0.9936321,1.1450307,1.0229243,1.0561384,1.1349766,1.0097933,0.9966601,0.9164565,1.1243491,0.909866,1.0024651,1.0825446,0.84082365,1.0236307,1.1526927,1.0798854,1.2158921
purse,1.0073222,0.92806846,0.59446335,0.75562334,1.0284629,0.92792165,1.1545908,1.0346487,1.1966231,1.0447401,0.8598422,0.99459136,0.956343,0.91688,1.1119723,1.167554,1.0622246,0.99443823,1.130634,1.0346861,0.88153166,0.91962194,1.0402721,1.0008279,0.8148247,0.9913041,0.98686665,0.93546045,1.041775,1.0722318,1.1256396,1.0374525,1.0569158,0.8913609,0.9160671,1.038002,1.1263468,1.0170546,1.1037683,1.0348809,1.1441096,1.134522,0.87291753,0.91663265,0.9719081,1.0281869,0.6856021,0.9896434,0.8101229,0.9821325,1.0083078,1.0541022,1.1079181,0.83031964,0.9804597,1.0815182,1.095804,1.148283,0.9234817,0.98862183,0.9976202,1.1712711,1.0974103,0.8492765,1.1100006,0.9153795,0.9423388,1.188849,1.1366025,1.1085999,1.0943387,1.044404,0.9146658,0.92855054,0.95377004,0.886195,0.0,1.0593551,0.8388469,0.86792505,1.0723836,1.0145632,0.96997,1.2122817,1.0518926,1.0328225,0.9968345,1.0511268,1.0040663,1.1483587,0.9356795,0.82426584,1.1235164,0.9427625,1.1743001,1.1590466
refrigerator,1.1149273,1.1544732,1.0568374,1.0950031,1.1335536,0.67617464,1.048232,0.998383,1.0754429,1.0329669,1.0331066,1.0185134,1.0114863,0.7602732,1.0731469,0.77304745,0.91162205,0.8659515,0.9867085,1.0311725,0.74480784,1.0896567,0.90199244,0.86892915,1.0706992,0.69451827,1.0031039,0.8122314,1.0138149,1.0394176,1.0974587,0.6658683,0.80005056,1.0244206,1.0386012,1.0056742,0.73295164,1.1588441,1.1835809,1.0663265,1.2950072,1.2964509,1.068391,0.8565691,1.0905212,1.06661,0.97759,1.0686396,1.0768522,1.047937,1.142778,1.0073434,0.8869276,1.1123562,0.8521972,1.1752166,0.76114553,1.0043103,0.66258425,1.0983719,0.8153585,0.8225959,1.0971513,1.0900704,1.089646,0.5274657,1.1559097,1.1860223,0.9897486,1.0951201,1.2220325,1.081953,0.87961304,1.1051657,0.8642274,1.0805116,1.0593551,0.0,1.0160123,1.1363915,1.0431893,0.9511173,1.1440923,0.9497628,1.3898094,1.244649,1.0506625,1.0169059,1.2798836,1.2549224,1.1456904,1.0038875,1.1468713,0.72274643,1.220026,0.7632649
rooster,1.0358602,0.8615882,0.9623616,0.92639416,0.7921475,1.1428525,1.190668,1.2286453,0.84122425,0.86550826,1.1369743,0.77984285,1.1500585,0.8858454,1.2617593,1.0371062,0.9853086,1.2999314,1.1669449,0.85978913,1.1890693,0.64482164,0.9807432,1.0926075,0.21599674,0.8421994,0.9053824,1.092822,1.0454316,1.1870286,0.8186201,1.1605504,1.1134617,1.2856236,0.99128395,1.2726598,0.81079865,1.0843481,0.8733003,1.1446373,0.94797546,0.9421892,0.5671336,1.2168568,1.1568459,1.2781956,1.0042288,0.75555825,0.80344176,1.0818541,1.1492128,0.87390524,0.7433657,1.0349742,1.206242,0.9905887,1.1526325,1.0870607,1.1172959,1.0575292,1.1758718,1.0434439,1.0101974,0.8480135,0.8498728,0.93036574,0.9616719,0.92598796,0.8614994,0.89508003,0.8625254,1.1790272,0.8238803,1.0965579,0.5271705,0.994812,0.8388469,1.0160123,0.0,0.7386201,1.1827642,0.8117507,1.0499012,0.8980485,0.8105689,0.80556506,1.1441219,1.2652231,0.97765106,0.80735505,1.0937771,1.2245946,1.1790515,0.79918724,0.90890056,1.0090785
scissors,0.8531699,0.7027732,1.1072102,1.0334561,0.33644766,1.1881137,1.3482468,1.3231238,0.6310542,1.0616186,1.1414837,0.7097376,1.2959316,0.7451375,1.2823071,0.9771224,0.768459,1.3839504,1.296815,0.7998889,1.3186538,0.5977049,0.8324652,0.95952874,0.92115635,0.88936126,0.8758792,1.2342848,1.3164458,1.3083935,0.6430946,1.2809842,1.0216311,1.3108381,1.0971565,1.0955875,1.005392,0.8806019,0.6429716,1.1856909,0.84049,0.88864726,1.0330201,1.1216072,0.94140357,1.3275938,0.78990537,0.767473,0.8609487,1.2080613,1.1254934,0.618466,0.5956206,1.1460536,1.2823079,0.5393158,1.2030383,1.1640546,1.2515752,1.2105526,1.0598283,1.1075389,0.95740503,0.9002105,0.59569895,1.0855008,1.1146251,0.74486256,0.6101579,0.64458066,0.93561417,1.1144016,1.1453016,0.9441422,0.77487385,0.9936321,0.86792505,1.1363915,0.7386201,0.0,1.2658513,0.68050325,0.85911727,0.92817223,0.68413496,0.7155121,0.9062997,1.3363066,0.59884965,0.8367323,1.0779197,1.0561297,1.3011426,0.68404603,0.7616794,1.2788473
shirt,1.1323045,1.270404,0.9860229,0.95740163,1.2692597,0.9231472,0.37367058,0.590071,1.238563,0.9245227,0.640312,1.2442262,0.70184803,1.2746851,0.8009413,1.1953359,1.2657658,0.78981376,0.94884163,1.1831206,1.0914798,1.1999435,1.3048701,1.1452239,1.1159655,1.1401347,1.1393135,0.64560395,0.62080085,0.8595787,1.2911034,0.79164004,1.2497398,0.8952539,1.0237697,1.0934575,1.1718003,1.062086,1.3190062,1.0346551,1.0397466,0.85626996,0.9636831,0.91870654,1.1656717,0.7780305,1.1599952,0.98143953,0.9666897,0.652328,0.72448623,1.3224609,1.3104407,0.8078987,0.96338457,1.2643209,0.8029432,0.95718014,1.0619917,0.8718098,1.0571022,1.1180131,1.1454694,1.0683362,1.3239212,1.1664454,0.6565913,1.1818155,1.2656151,1.1868811,0.9341029,1.0027654,0.91836107,1.1369946,1.253133,1.1450307,1.0723836,1.0431893,1.1827642,1.2658513,0.0,1.1363015,0.9254389,1.1905167,1.0202918,1.1302663,1.0777868,0.7013227,1.2724307,1.0535966,0.80476505,1.1209651,0.8810515,1.2496974,1.1116058,0.9210561
shoe,0.9496582,0.83232486,1.0034097,1.0709292,0.7868451,1.0832715,1.1613594,1.1371431,0.8586706,1.1687847,1.0510993,0.8929195,1.1172261,0.7786452,1.2247074,0.9187823,0.9865467,1.2900352,1.2346536,0.8515571,1.1170018,0.7845664,0.892105,1.0601741,0.9220138,0.9334029,0.891189,1.1199791,1.1321329,1.1725125,0.94789326,1.0666399,0.9515039,1.2594187,0.95056456,0.9598988,0.965166,0.9798291,0.7406192,0.9375668,1.0545392,1.0023097,0.98471045,1.1825086,1.1011472,1.1616001,0.84247386,0.8622414,0.9475123,0.998632,1.1794335,0.721107,0.7291155,1.2015665,1.1768225,0.9631628,1.1469022,1.1158152,1.0468822,0.9785203,0.9932258,0.9621222,1.0597763,1.0205228,0.7392673,1.0679115,1.0156305,0.937855,0.87528086,0.97181225,1.0716454,1.1134472,1.0105278,1.2090577,0.6954479,1.0229243,1.0145632,0.9511173,0.8117507,0.68050325,1.1363015,0.0,1.0765073,1.0264171,0.9893573,0.9408147,1.0935835,1.1385815,0.9962639,1.050748,1.129421,0.95253706,1.1203115,0.82497805,0.99567705,1.0099331
shovel,0.9421493,1.1420565,1.1378121,1.1294255,1.055862,0.94738996,0.9395327,0.8847699,1.0602627,0.94238067,0.891757,1.0242659,1.004696,1.1312027,1.0492709,1.3485063,0.9969339,0.7613287,0.65131986,1.0566263,1.0149095,0.9309062,1.169618,1.1403873,0.93184876,1.2009472,1.0505935,0.95232135,0.97182196,0.73032904,1.2345085,0.9943374,1.1385992,1.104836,1.0720989,1.1325946,1.1438864,0.9485098,1.3135006,1.2091817,1.0861055,0.91062737,0.9137629,0.85451216,1.0556701,1.0872091,1.1315267,1.1583811,1.0048264,0.96141046,0.91953224,1.3116677,1.2640163,0.9284977,0.7606055,0.38792288,0.8916863,1.067329,1.1612928,0.86146533,1.0702412,0.8507309,0.95033234,0.92489433,1.2843223,1.15532,0.87735987,1.0465609,1.2060088,1.1339743,0.94114435,0.89181757,0.9954897,1.0212227,1.0676719,1.0561384,0.96997,1.1440923,1.0499012,0.85911727,0.9254389,1.0765073,0.0,1.2755983,0.96483254,0.57874835,0.24941796,0.98500365,0.9762757,1.1386847,0.83423024,1.1692107,1.1088454,1.1654865,1.1676584,1.0500665
sink,1.0460644,0.9232492,1.2396767,1.1191341,0.7000263,1.0534127,1.0801182,1.2022884,0.3985545,0.73644143,1.3897572,0.844131,1.1909077,0.9180458,1.0109205,0.3620755,0.56615746,1.2488925,1.2006679,0.967625,1.1557636,0.9346963,0.5845763,0.9234885,1.0523287,0.6041091,0.97638136,1.163478,1.1506345,1.2824342,0.3675149,1.1238636,0.6453292,1.2005887,1.2761734,1.1648217,0.60212195,0.99017364,0.65541494,1.0733292,0.96854264,0.85327315,1.252989,1.1392231,1.0990776,1.1372224,1.0967808,0.7484033,1.1924831,1.2053988,1.2302986,0.63681257,0.58387786,1.2252759,1.2290848,0.9249461,1.1534712,0.97697663,1.0886929,1.2968065,1.07644,1.0735595,1.0790538,1.0728657,0.7333401,0.7730123,1.2755035,0.52632177,0.40572125,0.61759686,0.9591112,1.1114525,1.1671559,0.83037144,0.9287029,1.1349766,1.2122817,0.9497628,0.8980485,0.92817223,1.1905167,1.0264171,1.2755983,0.0,0.9532127,1.017149,1.0847348,1.1754974,0.86819345,0.86719644,1.2919197,1.1969849,1.1153246,0.74365723,0.5742461,0.98309976
slipper,1.0761172,0.87660676,1.1560588,0.9956159,0.6487307,1.2831109,1.07429,1.1345564,0.70094454,0.83543384,1.1251283,0.86706793,1.1808009,1.2422836,1.1732707,1.1429898,1.1539702,1.3027827,1.1756239,0.71725625,1.3887343,0.9132776,0.9075891,1.2636341,0.8930253,0.93251973,0.9026215,1.0479093,1.0268192,1.0797567,0.72262585,1.2933605,1.221898,1.329111,1.2360743,1.2265582,0.98525345,0.5692744,0.71643674,1.0390323,0.44147837,0.540599,0.88006735,1.1995331,1.2097929,1.2426577,0.96495605,0.7050477,0.82757753,1.0106826,0.80079097,0.7600583,0.8458433,0.9950664,1.370357,0.6917992,1.1290755,1.0196607,1.3720231,1.1144372,1.3990827,1.3231616,0.9391509,0.8080822,0.7040907,1.2200317,0.7956252,0.753001,0.8367533,0.6639112,0.4800064,0.99545753,1.2531571,1.0775278,0.96504694,1.0097933,1.0518926,1.3898094,0.8105689,0.68413496,1.0202918,0.9893573,0.96483254,0.9532127,0.0,0.5917825,1.0941006,1.3560172,0.5937111,0.2806419,0.8961998,1.2717891,1.097591,0.8801666,0.43909478,1.1684644
soup,1.0616949,0.8851235,1.1823875,1.0544192,0.72126216,1.1290406,1.1463809,1.1465068,0.7842374,0.80392915,1.090604,0.86902887,1.2663562,1.1331446,1.1801033,1.2562425,0.9889156,1.0437219,0.9193985,0.8722384,1.255417,0.8236892,0.9149933,1.1645732,0.8448199,1.0288391,0.86080575,1.081411,1.0917876,0.91693705,0.9123269,1.2481071,1.1131835,1.3067166,1.1442852,1.2025516,0.89185846,0.7512287,0.9031377,1.0818003,0.7683277,0.8176136,0.8403123,1.1743326,1.1622592,1.1733084,1.1318674,0.9314173,0.9603556,1.0768802,0.9808693,0.9733011,0.9972513,1.097392,1.0836276,0.46499544,1.0366333,1.0367581,1.3398912,1.0019403,1.2866497,0.9704611,0.99524635,0.7389573,0.8638581,1.0704882,0.9388904,0.89446837,1.0074964,0.87339365,0.70019484,1.059421,1.154094,0.9879216,0.955864,0.9966601,1.0328225,1.244649,0.80556506,0.7155121,1.1302663,0.9408147,0.57874835,1.017149,0.5917825,0.0,0.74351865,1.2095103,0.6744225,0.67028254,1.0230652,1.2581913,1.1423836,0.9710423,0.81548125,1.1307328
spoon,0.967208,0.97991544,1.1650264,1.1626409,0.97620845,1.0104249,1.1280444,1.1641425,1.0629443,1.1712201,1.0711293,0.9714798,1.1638705,0.9764267,1.084234,1.0736485,0.6400131,0.90626264,0.60856503,1.0326039,0.80031806,0.9978486,0.9803125,1.0163229,1.1005714,1.224903,0.964824,1.2038848,1.2721856,0.79984343,1.0870233,1.1236328,0.8240037,1.0065973,1.0712366,1.0091362,1.1647439,1.0753413,1.1247978,1.076947,1.0563254,1.0774423,1.0995033,0.69307286,0.97126293,1.1293842,1.0140603,1.1964872,1.1181521,1.1095687,0.98876613,1.11158,1.0814283,1.1060498,0.6296577,0.36173272,1.1283631,0.97994983,0.99269366,1.0666438,0.9831976,0.78269035,0.8908448,0.9897577,1.0798073,1.072027,1.1101795,1.0145438,1.0256888,1.0295204,1.1642376,0.97616166,1.0758749,0.873207,1.051324,0.9164565,0.9968345,1.0506625,1.1441219,0.9062997,1.0777868,1.0935835,0.24941796,1.0847348,1.0941006,0.74351865,0.0,1.026043,0.8624662,1.1399302,1.0260364,1.08349,1.1225336,1.1194277,1.0962267,1.1048224
table,1.115037,1.2670397,0.93961984,1.0235878,1.4140694,0.8126708,0.66528475,0.5871111,1.3491802,0.92409503,0.86006343,1.2895031,0.68120086,1.1861818,0.27539432,1.1591296,1.1443493,0.457762,0.84946245,1.2411044,0.9320197,1.1894618,1.3016824,0.9501196,1.1249095,1.2175887,1.2972184,0.795392,0.6612624,0.9036666,1.4103906,0.7641605,1.0921332,0.66726756,0.8453773,0.8502002,1.3233126,1.1190974,1.3773439,0.966437,1.2746558,1.0869421,1.1897378,0.9737355,0.90093565,0.45107853,1.1179533,1.2636055,1.1527338,0.8023607,0.7789071,1.3940134,1.38428,0.6902971,0.785779,1.3196075,0.7778747,1.0010616,0.9832524,0.97665006,0.8572452,0.8107877,1.1253601,1.2859613,1.4194798,1.0742415,0.90518385,1.2288336,1.3695652,1.4222034,1.152737,1.0399826,0.967345,1.0759425,1.2995253,1.1243491,1.0511268,1.0169059,1.2652231,1.3363066,0.7013227,1.1385815,0.98500365,1.1754974,1.3560172,1.2095103,1.026043,0.0,1.2815738,1.3474311,0.92799234,0.8297977,0.58080906,1.3188839,1.3230469,0.95781785
tape,1.0025088,0.83569336,1.1908684,1.1202145,0.65006703,1.2484422,1.1942923,1.2958574,0.6573631,0.9814952,1.2649093,0.83843094,1.3167061,1.0003887,1.2010553,1.0165511,0.61046106,1.2829734,1.1109246,0.8375082,1.0850456,0.8722874,0.6485099,1.0841341,1.057548,0.9334674,0.64429575,1.3517108,1.3432462,1.135395,0.7068077,1.34351,0.871043,1.1078846,1.1750698,1.1049652,0.97801435,0.87983596,0.7139964,1.0362844,0.60803485,0.9829422,1.2105553,1.0658861,0.9863481,1.2403367,0.79751956,0.95477796,1.0299551,1.2952671,1.0333852,0.6895651,0.8093922,1.0816672,1.2074405,0.5379635,1.2431854,0.83097446,1.0933145,1.270455,1.1421009,1.030496,0.7602041,0.7739215,0.6992094,1.0595605,1.1961117,0.6377698,0.7880212,0.71781385,0.8009577,0.9920872,1.3065863,0.66409445,0.978859,0.909866,1.0040663,1.2798836,0.97765106,0.59884965,1.2724307,0.9962639,0.9762757,0.86819345,0.5937111,0.6744225,0.8624662,1.2815738,0.0,0.6931953,1.0692295,1.1288971,1.146601,0.96239555,0.6478045,1.1770587
toe,1.1324948,0.93364614,1.2534268,1.0129185,0.71346486,1.2018363,1.0834525,1.202865,0.6913431,0.88669276,1.1327318,0.9568547,1.1805043,1.2295289,1.1907256,1.0334678,1.1228619,1.2727817,1.1319969,0.6863922,1.3370302,1.0785398,0.84169734,1.1668315,0.86903334,0.92852706,0.90768087,1.1050016,1.0706708,1.0067985,0.6699918,1.1957643,1.0974652,1.2581252,1.2629526,1.2483407,0.76080835,0.6928071,0.76074547,1.0415772,0.29868698,0.6382984,0.74998003,1.1774361,1.2605674,1.2407529,1.086319,0.86561114,0.8776466,1.0419009,0.76438785,0.85187507,0.7718356,1.0349196,1.2290878,0.7609973,1.1317931,0.9860569,1.3510485,1.0914302,1.4138186,1.1646532,0.9875388,0.8104464,0.68180686,1.1277195,0.92843276,0.8472433,0.79393995,0.5954658,0.5092628,1.0079108,1.105832,1.0146315,0.97272456,1.0024651,1.1483587,1.2549224,0.80735505,0.8367323,1.0535966,1.050748,1.1386847,0.86719644,0.2806419,0.67028254,1.1399302,1.3474311,0.6931953,0.0,1.0199066,1.346039,1.1241417,0.8721913,0.41813725,1.0305521
towel,0.9099309,1.2589343,0.9771645,0.9825689,1.2365963,0.9308006,0.8811414,0.7495179,1.1726903,0.84791803,0.62116474,1.0762811,0.4928459,1.2757872,1.0138819,1.3460972,1.2732761,0.8882134,0.9949205,1.1065233,1.093118,1.0879915,1.2987471,1.159744,0.9397081,1.1599154,1.2247865,0.74835944,0.7652359,0.82689685,1.3176985,0.83717227,1.2994752,0.99650824,0.95071226,1.1388183,1.2475653,1.0342729,1.3535643,1.1061639,0.9715551,0.8069974,0.86155677,0.9524429,1.1150408,0.9419471,0.95524275,1.0716432,0.90965915,0.9554371,0.71735847,1.3552408,1.325719,0.8437183,1.0077659,1.0754448,0.8760499,1.0249761,1.076384,0.7376749,1.1222703,1.0385588,0.55965304,0.9664069,1.331002,1.1962721,0.7791279,1.0166024,1.3448826,1.2403289,0.64859056,0.5004279,0.97622824,1.0557226,1.0766282,1.0825446,0.9356795,1.1456904,1.0937771,1.0779197,0.80476505,1.129421,0.83423024,1.2919197,0.8961998,1.0230652,1.0260364,0.92799234,1.0692295,1.0199066,0.0,1.116031,1.0261297,1.3308645,1.1958518,0.94869095
toy,0.92428774,0.8576702,0.5421097,0.7838623,1.1056747,1.0957887,1.2345766,1.1599728,1.2947093,1.324948,1.0485011,1.0300033,1.07744,0.73843086,0.64731395,1.0769731,1.10761,0.9178453,1.0951865,1.1515219,0.89241195,0.9021783,1.1750984,0.5525652,1.1591667,1.2071797,1.0720431,1.2231288,1.2620765,1.1802912,1.1757572,1.1741794,1.0948596,0.72328854,0.30839026,0.12892574,1.2615616,1.0121089,1.01211,0.5746353,1.2466475,1.3467717,1.1887084,0.97961915,0.27780616,0.89798,0.71413976,1.2497647,1.0075804,1.056509,1.1130803,0.79080844,1.1274632,0.99655575,1.0451669,1.2381831,1.1568261,1.1823566,0.8173821,1.0965261,0.40806794,1.047633,1.0554088,1.0646565,1.0383188,0.97587883,1.162286,1.1997805,1.1512058,1.1666421,1.3630599,1.0832864,1.0963583,1.0508035,1.0788544,0.84082365,0.82426584,1.0038875,1.2245946,1.0561297,1.1209651,0.95253706,1.1692107,1.1969849,1.2717891,1.2581913,1.08349,0.8297977,1.1288971,1.346039,1.116031,0.0,0.7213193,1.1012392,1.277111,1.223041
tray,1.0463113,1.0555587,0.90364414,0.9796444,1.2041843,1.1044602,0.8563052,0.8963928,1.2347598,1.0475829,1.0701308,1.090721,0.9445983,1.1521581,0.4594924,1.1817722,1.1941515,0.7076163,0.94015163,1.2190595,1.0603514,1.1313702,1.223904,0.8989033,1.1060113,1.2602639,1.2182856,0.9587012,0.90768033,0.9544951,1.1995041,1.0736461,1.1626945,0.49171656,0.8365611,0.73401093,1.2493551,0.90684587,1.1310672,0.5562442,1.1165999,1.0708485,1.1677172,1.0764465,0.71121967,0.6266388,1.1437963,1.0904326,1.127535,0.81163025,0.9800564,1.0516348,1.2161409,0.9312189,1.0057279,1.2694136,1.0268447,1.0293204,1.0554129,1.0129206,0.91226244,1.108016,1.1174506,1.232643,1.1777693,1.159179,0.9598057,1.1723602,1.239012,1.2203864,1.103593,1.0661716,1.1060452,1.1418183,1.2166663,1.0236307,1.1235164,1.1468713,1.1790515,1.3011426,0.8810515,1.1203115,1.1088454,1.1153246,1.097591,1.1423836,1.1225336,0.58080906,1.146601,1.1241417,1.0261297,0.7213193,0.0,1.2566216,1.1961021,1.0487945
vacuum,1.1634793,0.9794788,1.1627903,1.0934081,0.73413396,1.0018091,1.2625422,1.2451447,0.71943474,0.98646516,1.1889763,0.7675562,1.2431169,0.7618768,1.2452917,0.6563685,0.86002904,1.2411945,1.2742741,0.59084255,1.0802753,0.8480567,0.47485125,0.9722425,1.0008043,0.5429837,0.95226324,1.0410602,1.1093203,1.269856,0.5604044,1.0088195,0.64680624,1.1905582,1.195702,1.1199459,0.55816907,0.9644863,0.6927233,1.1944098,1.0032321,0.991126,1.1087048,1.1312051,1.1432267,1.3708531,0.8835653,0.6632631,0.9836087,1.2296728,1.2204732,0.63123405,0.43843472,1.0004381,1.1965312,0.8689485,0.9517924,1.1082362,1.0789431,1.2098055,1.0354011,1.1342063,1.2850416,1.0423131,0.6792651,0.6984516,1.1215829,0.9857042,0.51762486,0.6396018,1.023306,1.1998185,1.1006327,1.012857,0.62780726,1.1526927,0.9427625,0.72274643,0.79918724,0.68404603,1.2496974,0.82497805,1.1654865,0.74365723,0.8801666,0.9710423,1.1194277,1.3188839,0.96239555,0.8721913,1.3308645,1.1012392,1.2566216,0.0,0.7095895,1.0158652
watch,1.0889503,0.8926601,1.2509005,1.1037246,0.6025497,1.2627189,1.0982801,1.1570574,0.46836954,1.0281569,1.2351981,0.8952108,1.1839725,1.1092744,1.1534061,0.53956664,0.8158624,1.4332609,1.2650168,0.7317908,1.3765008,0.99472433,0.7316289,1.104616,1.0852802,0.86086917,0.81718206,1.2362114,1.1423405,1.1590283,0.49109125,1.2545927,0.8530749,1.2565627,1.302678,1.1912496,0.8533859,0.855773,0.5364144,1.088248,0.5688553,0.55983335,1.0532801,1.2390232,1.1978593,1.1980164,0.96206117,0.6978818,0.9963964,1.173866,1.0181507,0.5964432,0.5079093,1.0232979,1.3292003,0.7519098,1.1917711,0.9552708,1.3306482,1.1388261,1.2777891,1.1826853,1.1116664,0.809093,0.5374234,1.1231675,1.0238605,0.68093944,0.39620292,0.47868574,0.83077836,1.0852897,1.1799031,0.9584786,1.0065949,1.0798854,1.1743001,1.220026,0.90890056,0.7616794,1.1116058,0.99567705,1.1676584,0.5742461,0.43909478,0.81548125,1.0962267,1.3230469,0.6478045,0.41813725,1.1958518,1.277111,1.1961021,0.7095895,0.0,1.1220179
window,1.016753,1.3157086,1.1487924,1.0603572,1.2582463,0.8726038,0.65430033,0.73461425,0.95073086,0.6862367,0.96752965,1.1209677,0.85167855,1.0426502,1.0527763,1.0701392,1.2113012,0.8574257,1.0734991,0.93637264,1.0458794,1.0963049,1.0568762,1.0375293,0.9334606,0.8149278,0.9742956,0.7482239,0.71432006,1.0306445,1.144007,0.5362222,1.1119734,1.0025611,1.0969334,1.203755,0.5706635,1.0696722,1.2652078,1.160517,1.104793,0.91593915,0.8906577,1.1222311,1.1603142,0.99150354,1.2174573,1.1232158,1.0060506,0.9078628,0.9753501,1.26915,1.2020175,0.9321177,0.98157036,1.1764139,0.5951607,0.61205316,0.9879345,0.9595595,1.1257908,1.0231816,0.97891176,0.9884233,1.3163571,0.9330584,0.90908515,1.0415655,1.1848638,1.1209345,0.718656,0.8798354,0.8245671,0.9691176,1.0089469,1.2158921,1.1590466,0.7632649,1.0090785,1.2788473,0.9210561,1.0099331,1.0500665,0.98309976,1.1684644,1.1307328,1.1048224,0.95781785,1.1770587,1.0305521,0.94869095,1.223041,1.0487945,1.0158652,1.1220179,0.0
